,date,shcode,doYD,dhYD,dlYD,dcYD,ihYD,ilYD,volYD,mdvYD,msvYD,mdcYD,mscYD,closeYD,doTD,dhTDbf,dlTDbf,ihTDbf,ilTDbf,volTDbf,mdvTDbf,msvTDbf,mdcTDbf,mscTDbf,gcut,lcut,iBID,iASK,tBID,tASK,prcBID,prcASK,profit,hname
469,2025-07-01,377220,-0.002,0.032,-0.002,0.019,23,0,264760,103092,151997,288,799,2100,0.014,0.074,0.002,50,50,281161,71652,209509,253,428,0.071,0.05,11,699,93630,153000,2200,2150,-0.02273,프롬바이오
468,2025-07-01,263050,0.138,0.283,0.026,0.252,468,35,10959473,5671369,4823732,32650,35411,2680,-0.088,-0.037,-0.093,0,17,338469,209106,129363,696,553,0.062,0.05,79,199,101030,111030,2525,2685,0.06337,유틸렉스
467,2025-07-01,236810,-0.01,0.004,-0.078,-0.078,0,760,2977209,1686987,1000513,5281,5461,3725,0.13,0.15,0.052,4,35,2426647,1574591,852056,6984,4983,0.093,0.065,268,595,114500,142830,4145,4535,0.09409,엔비티
466,2025-07-01,215380,0.0,0.015,-0.051,-0.025,3,560,216647,149002,62870,439,314,1777,0.019,0.096,0.018,4,0,77905,34307,43598,77,107,0.076,0.053,76,699,100900,153000,1895,1819,-0.04011,우정바이오
465,2025-07-01,214270,0.007,0.299,-0.007,0.299,572,0,9450588,4301483,5007737,16644,22276,3560,-0.029,-0.029,-0.093,0,50,370785,0,0,0,0,0.07,0.05,59,699,100030,153000,3370,3370,0.0,FSN
464,2025-07-01,203400,-0.011,0.02,-0.299,-0.297,2,709,14431650,7873324,5468167,40950,41958,9020,0.04,0.091,-0.032,3,19,1501863,855014,646849,4973,5307,0.1,0.07,71,699,100630,153000,9420,9060,-0.03822,에이비온
463,2025-07-01,192410,0.0,0.3,0.0,0.184,27,0,8171748,4598197,3407405,18173,19004,2150,-0.016,-0.014,-0.088,0,42,308978,199398,109580,618,330,0.081,0.057,87,699,101430,153000,2060,2000,-0.02913,오늘이엔엠
462,2025-07-01,090150,-0.001,0.004,-0.013,-0.001,26,191,70838,45408,24206,78,164,758,0.011,0.062,0.0,1,2,25355,11555,13800,42,57,0.062,0.05,3,699,93230,153000,788,774,-0.01777,아이윈
461,2025-07-01,082270,-0.002,0.02,-0.041,-0.038,365,696,234430,132785,95693,3161,4042,61500,-0.018,-0.016,-0.073,0,37,136263,72274,63989,1332,1534,0.061,0.05,70,699,100600,153000,59300,61200,0.03204,젬백스
460,2025-07-01,069540,0.0,0.228,-0.034,0.154,685,7,5580928,2586399,2883287,7845,9627,1230,0.101,0.178,0.076,5,50,2682443,1559297,1009661,3295,2632,0.095,0.067,42,699,95200,153000,1401,1426,0.01784,빛과전자
459,2025-07-01,054180,0.0,0.171,-0.05,0.057,95,6,10173240,5356259,4516561,3545,6662,148,0.162,0.277,0.142,18,0,16182270,8013212,7716184,3431,6388,0.049,0.05,18,49,94000,95530,182,173,-0.04945,메디콕스
458,2025-07-01,043100,-0.001,0.053,-0.005,0.047,757,0,81957,21474,59659,256,328,4035,0.014,0.022,-0.051,16,13,12976,6371,6605,87,59,0.077,0.054,69,699,100530,153000,4015,3995,-0.00498,알파녹스
457,2025-07-01,000215,0.014,0.023,-0.014,-0.002,89,53,2605,1873,706,170,66,24300,0.033,0.091,0.029,19,6,5477,1824,3653,107,138,0.06,0.05,25,699,94330,153000,25950,25150,-0.03083,DL우
456,2025-06-30,950210,0.008,0.146,0.001,0.066,119,0,296634,148579,141206,1667,1981,11870,0.155,0.255,0.152,34,18,600910,298863,280525,3678,3707,0.061,0.05,19,75,94030,100830,14430,15320,0.06168,프레스티지바이오파마
455,2025-06-30,476040,0.016,0.069,-0.039,0.011,11,161,2330689,1296807,975792,25004,22410,35900,-0.0,0.086,-0.0,43,0,908164,398666,509498,8208,10549,0.086,0.06,20,699,94100,153000,37800,37450,-0.00926,오가노이드사이언스
454,2025-06-30,396300,0.003,0.014,-0.036,-0.025,10,107,1472292,846955,542815,2466,2128,3475,0.013,0.073,0.003,6,37,680730,349991,330739,1283,1276,0.07,0.05,42,699,95200,153000,3640,3540,-0.02747,세아메카닉스
453,2025-06-30,334970,0.02,0.047,-0.003,0.021,119,3,207998,103107,102869,1225,1388,3400,0.031,0.132,0.029,34,0,515714,240317,255120,1234,1499,0.1,0.07,25,699,94330,153000,3715,3650,-0.0175,프레스티지바이오로직
452,2025-06-30,321820,0.031,0.052,-0.025,-0.01,281,29,497570,278640,213643,3999,3249,10470,-0.134,-0.131,-0.217,0,4,327501,155809,162390,1537,980,0.1,0.07,145,699,104330,153000,8760,8400,-0.0411,아티스트컴퍼니
451,2025-06-30,321370,-0.005,-0.004,-0.108,-0.091,0,589,3527117,2083914,1346257,5837,4192,1435,0.015,0.023,-0.037,5,20,279766,171157,108609,589,313,0.062,0.05,59,279,100030,115030,1436,1527,0.06337,센서뷰
450,2025-06-30,293780,0.004,0.025,-0.001,-0.001,284,119,63789,34301,28408,400,422,7580,0.174,0.187,0.054,5,24,542679,353015,187308,3500,2735,0.1,0.07,109,699,102530,153000,8610,8650,0.00465,압타바이오
449,2025-06-30,291650,0.0,0.272,-0.011,0.094,344,8,14051658,7502851,6344396,23376,29438,1220,0.018,0.035,-0.027,8,29,527179,378076,149103,1100,878,0.064,0.05,177,602,105930,143200,1235,1173,-0.0502,압타머사이언스
448,2025-06-30,290660,0.007,0.05,0.007,0.05,360,0,381487,2057,3897,1,4,1591,0.04,0.144,0.009,2,33,596068,301364,231818,1121,1027,0.1,0.07,5,699,93330,153000,1737,1700,-0.0213,네오펙트
447,2025-06-30,277410,0.011,0.163,-0.007,0.026,130,5,6853288,3870240,2717691,9415,9375,1385,0.01,0.072,0.006,10,0,428622,228455,200167,682,721,0.066,0.05,77,129,100930,103530,1451,1548,0.06685,인산가
446,2025-06-30,263050,-0.0,0.298,-0.002,0.298,73,0,3350408,1721072,1542673,5020,6188,2140,0.091,0.194,0.026,16,25,2605742,1335605,1213583,5451,5700,0.1,0.07,40,397,95100,124930,2415,2660,0.10145,유틸렉스
445,2025-06-30,217270,-0.01,0.033,-0.052,-0.014,537,396,585612,284439,284770,2485,2495,8580,0.05,0.085,0.016,3,50,134528,78705,55823,578,504,0.068,0.05,61,699,100130,153000,9090,8940,-0.0165,넵튠
444,2025-06-30,200350,0.044,0.134,0.02,0.032,280,34,1677169,885837,773404,12704,12385,15280,-0.178,-0.178,-0.242,0,7,435854,273693,162161,2971,1833,0.085,0.059,152,699,104700,153000,12190,11790,-0.03281,아티스트스튜디오
443,2025-06-30,199430,0.075,0.199,-0.025,-0.006,85,673,4320104,2327360,1906023,25329,23655,9240,0.103,0.136,0.056,14,30,468880,248011,220869,2648,2694,0.076,0.053,51,699,95630,153000,10220,9870,-0.03425,케이엔알시스템
442,2025-06-30,179530,-0.047,0.062,-0.047,-0.015,16,0,609988,353644,234190,1551,1541,3350,0.022,0.054,-0.082,5,45,181582,120075,61507,487,347,0.1,0.07,606,699,143400,153000,3355,3220,-0.04024,애드바이오텍
441,2025-06-30,123690,-0.014,-0.001,-0.041,-0.026,88,425,418362,241744,125262,1609,1483,8350,0.03,0.091,0.028,8,0,1578399,805346,773053,5712,5865,0.062,0.05,155,178,104830,110000,8920,9480,0.06278,한국화장품
440,2025-06-30,103140,0.005,0.072,-0.01,0.038,121,12,1180391,567337,596387,22289,23789,136400,-0.03,-0.029,-0.084,0,46,139498,100616,38882,2953,2195,0.06,0.05,22,699,94200,153000,129700,128700,-0.00771,풍산
439,2025-06-30,090710,0.034,0.285,0.022,0.237,717,4,120500447,56159862,60723732,112942,146816,3130,0.086,0.152,0.085,5,0,16410164,8848734,7561430,23657,25877,0.062,0.05,25,699,94330,153000,3525,3495,-0.00851,휴림로봇
438,2025-06-30,079950,-0.002,0.013,-0.033,-0.017,45,718,111464,70928,32778,238,308,623,0.018,0.018,-0.05,0,30,54049,37533,16516,82,49,0.071,0.05,50,699,95600,153000,619,625,0.00969,인베니아
437,2025-06-30,024720,0.011,0.216,0.0,0.189,748,7,17139697,8820428,8207178,108757,115234,17730,0.008,0.125,0.005,34,2,4251849,2091255,2160594,26926,30048,0.1,0.07,11,699,93630,153000,19120,18440,-0.03556,콜마홀딩스
436,2025-06-30,020760,0.015,0.299,0.009,0.299,41,0,5470870,2787645,2537671,4458,6635,981,0.096,0.12,0.02,0,15,1476807,896266,580541,2086,1907,0.098,0.069,15,238,93830,113000,1062,989,-0.06874,일진디스플
435,2025-06-30,060570,0.001,0.017,-0.013,-0.013,214,713,101496,48904,37209,449,374,1691,0.03,0.14,0.011,23,2,308831,154359,120254,696,739,0.1,0.07,81,699,101130,153000,1844,1845,0.00054,드림어스컴퍼니
434,2025-06-30,052300,0.05,0.052,-0.02,-0.005,0,371,238771,138744,98356,650,602,3285,0.006,0.065,0.005,17,0,80838,48530,32308,209,198,0.061,0.05,355,699,122830,153000,3425,3320,-0.03066,오션인더블유
433,2025-06-30,046120,0.16,0.235,-0.087,-0.051,5,603,13569681,7717895,5153813,32359,28648,5050,-0.072,-0.038,-0.099,22,2,1052723,585461,392786,1971,1924,0.068,0.05,162,699,105200,153000,4745,4530,-0.04531,오르비텍
432,2025-06-30,032820,0.025,0.062,0.008,0.055,249,24,19432261,8203456,10496012,17852,26854,4425,0.043,0.166,0.04,15,0,12852144,6317167,6534977,15675,19814,0.1,0.07,48,699,95500,153000,4945,5000,0.01112,우리기술
431,2025-06-30,025770,0.006,0.006,-0.099,-0.065,0,434,391017,238506,139680,2833,2902,10130,-0.018,-0.018,-0.084,0,24,65471,47810,17661,536,321,0.072,0.051,154,699,104800,153000,9700,9820,0.01237,한국정보통신
430,2025-06-27,476040,0.029,0.3,0.017,0.195,701,1,6194329,3018765,3041161,53019,59302,35500,0.046,0.069,-0.013,1,42,457981,279971,178010,5502,3977,0.083,0.058,190,699,110600,153000,36850,35900,-0.02578,오가노이드사이언스
429,2025-06-27,440110,0.079,0.081,0.008,0.039,0,8,541850,307439,225036,6044,3755,12470,0.017,0.075,0.01,8,41,112229,64655,47574,1319,1080,0.064,0.05,31,699,94630,153000,13100,12640,-0.03511,파두
428,2025-06-27,435570,0.007,0.102,-0.004,0.028,251,2,1217543,599915,468259,12817,12286,18590,0.151,0.154,0.079,0,41,437294,314199,123095,4289,2786,0.07,0.05,52,70,95700,100600,20950,19900,-0.05012,에르코스
427,2025-06-27,418620,-0.034,0.027,-0.062,-0.057,108,709,602062,320169,266986,2170,2523,4060,0.031,0.052,-0.016,4,50,75780,53329,22451,326,288,0.069,0.05,149,501,104530,134130,4165,4455,0.06963,E8
426,2025-06-27,376180,-0.016,0.052,-0.039,-0.027,179,36,660738,361201,283607,1908,2208,3015,0.108,0.204,0.103,2,0,2843314,1438891,1404423,5893,6364,0.092,0.064,30,178,94600,110000,3515,3285,-0.06543,피코그램
425,2025-06-27,277410,-0.001,0.212,-0.005,0.066,512,26,21173121,11783074,9097274,30434,33635,1350,0.007,0.111,0.007,12,0,2055280,1101711,953569,2913,3268,0.1,0.07,12,699,93700,153000,1446,1385,-0.04219,인산가
424,2025-06-27,236810,-0.037,0.3,-0.098,0.3,721,173,8781245,4760736,3581696,16224,14322,4225,-0.05,0.06,-0.084,41,5,4120172,2107779,2012393,8668,10071,0.1,0.07,355,405,122830,125330,4245,4670,0.10012,엔비티
423,2025-06-27,232830,-0.039,-0.028,-0.096,-0.05,0,407,444959,274951,160556,873,900,2915,0.002,0.019,-0.053,33,20,75778,23960,51818,144,131,0.076,0.053,341,699,122130,153000,2890,2905,0.00519,아이티센피엔에스
422,2025-06-27,228760,0.006,0.016,-0.017,-0.007,1,240,104583,64391,38812,883,934,12000,0.002,0.008,-0.051,2,46,289228,74304,214924,682,864,0.062,0.05,355,699,122830,153000,11840,12030,0.01605,지노믹트리
421,2025-06-27,215100,0.0,0.0,-0.108,-0.083,0,359,2704676,1770274,824541,9006,6621,5160,0.004,0.07,0.0,17,2,1462563,719432,743131,3262,3582,0.07,0.05,206,264,111400,114300,5390,5780,0.07236,로보로보
420,2025-06-27,199430,-0.0,0.006,-0.085,-0.063,0,307,368058,221923,131995,2625,1819,9300,0.12,0.189,0.082,32,10,1554596,774243,748416,8935,9459,0.099,0.07,22,187,94200,110430,10680,9940,-0.06929,케이엔알시스템
419,2025-06-27,192410,0.023,0.299,0.002,0.107,517,5,7119501,3847999,3093862,12960,14582,1682,0.011,0.068,-0.012,13,50,478078,315600,162478,1056,1134,0.081,0.057,223,410,112230,125600,1745,1888,0.08195,오늘이엔엠
418,2025-06-27,105740,-0.0,0.025,-0.026,0.013,591,202,165427,86770,75462,802,605,8460,0.028,0.03,-0.031,0,16,39339,29961,9378,249,126,0.062,0.05,4,495,93300,133830,8520,8090,-0.05047,디케이락
417,2025-06-27,093240,-0.0,0.065,-0.014,0.035,11,1,2112942,914184,1147414,2963,9694,2945,0.014,0.095,0.002,37,5,1725835,729785,996050,1789,2512,0.093,0.065,6,293,93400,115730,3120,2915,-0.06571,형지엘리트
416,2025-06-27,099440,0.179,0.233,-0.0,0.127,6,546,25214569,14009312,10928958,57202,60955,3775,-0.052,-0.049,-0.103,0,34,676950,435994,240956,1714,1319,0.061,0.05,2,44,93200,95300,3515,3730,0.06117,스맥
415,2025-06-27,090710,0.009,0.013,-0.072,-0.045,0,345,8597774,5705797,2588981,8439,8814,2530,0.034,0.107,0.024,17,3,9363663,4461373,4902290,10752,13270,0.081,0.057,16,203,93900,111230,2720,2945,0.08272,휴림로봇
414,2025-06-27,088280,0.006,0.01,-0.041,-0.025,1,243,84737,62766,21554,278,284,2485,0.026,0.189,0.014,18,8,798191,412041,339280,2565,2742,0.1,0.07,9,73,93530,100730,2785,2585,-0.07181,쏘닉스
413,2025-06-27,043710,0.008,0.066,-0.025,0.054,704,99,306065,107317,189988,318,578,1082,-0.018,0.06,-0.041,16,16,118815,50329,45002,104,143,0.1,0.07,135,699,103830,153000,1106,1108,0.00181,서울리거
412,2025-06-27,030530,0.013,0.02,-0.074,-0.047,4,310,2540577,1620340,856440,4380,4353,5300,0.006,0.064,0.002,13,1,839576,395117,444459,1550,1849,0.062,0.05,11,699,93630,153000,5520,5390,-0.02355,원익홀딩스
411,2025-06-26,462860,-0.004,-0.002,-0.104,-0.065,12,581,7416639,4599238,2525922,14030,12874,4860,-0.037,-0.033,-0.109,0,30,1601787,884729,717058,3376,2844,0.085,0.06,467,621,132430,144130,4560,4285,-0.06031,더즌
410,2025-06-26,276040,0.02,0.198,0.009,0.165,695,2,1860038,817763,995038,4043,5087,3205,0.041,0.041,-0.022,0,33,128091,87915,40176,337,188,0.064,0.05,2,699,93200,153000,3260,3270,0.00307,스코넥
409,2025-06-26,267320,0.0,0.001,-0.056,-0.039,0,5,3380022,2084884,1144512,6961,5552,4325,0.138,0.175,0.076,3,9,6536244,3449802,2953539,15572,15159,0.091,0.064,2,699,93200,153000,4915,4850,-0.01322,나인테크
408,2025-06-26,250930,0.15,0.298,0.051,0.053,39,754,11345549,6054348,5066584,17549,22647,561,-0.012,-0.012,-0.07,0,35,418685,278151,140534,326,260,0.061,0.05,65,699,100330,153000,543,526,-0.03131,예선테크
407,2025-06-26,239890,0.002,0.016,0.0,0.006,7,21,29922,15165,13833,210,243,5170,0.008,0.201,0.006,22,2,368214,194317,150341,3342,3570,0.1,0.07,63,184,100230,110300,5820,5410,-0.07045,피엔에이치테크
406,2025-06-26,223310,0.079,0.272,0.075,0.158,8,0,7621555,3897967,3277456,24459,25850,5270,-0.034,-0.004,-0.084,5,41,291164,192505,98659,1331,1171,0.087,0.061,16,66,93900,100400,5100,5550,0.08824,딥마인드
405,2025-06-26,205500,-0.043,-0.012,-0.128,-0.062,24,506,6843877,3512452,3056486,11757,12537,4300,-0.064,-0.048,-0.11,1,19,940031,558793,381238,1698,1225,0.071,0.05,372,699,123700,153000,3995,3930,-0.01627,넥써쓰
404,2025-06-26,187790,-0.009,0.099,-0.059,0.052,704,20,716094,319430,370596,814,1057,1230,-0.02,0.094,-0.02,7,0,216202,107163,109039,356,385,0.1,0.07,2,699,93200,153000,1291,1310,0.01472,나노
403,2025-06-26,179530,-0.014,0.076,-0.04,0.046,711,148,481070,213114,227164,803,1120,3305,0.076,0.088,0.018,0,13,380501,215757,164744,1144,813,0.068,0.05,2,699,93200,153000,3510,3400,-0.03134,애드바이오텍
402,2025-06-26,124500,-0.037,-0.035,-0.146,-0.115,0,570,1446264,955891,432050,6696,6680,28750,-0.124,-0.11,-0.165,10,42,656970,355173,266497,2013,1915,0.067,0.05,2,30,93200,94600,25000,23700,-0.052,아이티센글로벌
401,2025-06-26,123840,-0.0,0.245,-0.075,0.081,575,6,6886859,3591911,2981574,17512,22087,1461,0.082,0.232,0.062,18,4,1732761,790423,854907,3671,4605,0.1,0.07,0,241,93100,113130,1703,1584,-0.06988,뉴온
400,2025-06-26,098120,0.004,0.042,-0.022,0.013,114,1,231084,123159,100967,1496,1691,22700,-0.022,0.007,-0.066,11,42,86830,45133,41697,489,439,0.078,0.054,28,699,94500,153000,22250,22400,0.00674,마이크로컨텍솔
399,2025-06-26,067170,0.06,0.299,0.06,0.299,16,0,2015769,1149421,777664,4062,3521,2695,0.035,0.085,0.002,7,25,667832,401341,266491,2017,2085,0.083,0.058,6,42,93400,95200,2840,2670,-0.05986,오텍
398,2025-06-26,008600,0.007,0.03,-0.009,0.002,34,493,384625,176714,122522,300,374,431,0.223,0.276,0.141,4,47,6647115,3847431,2559346,4234,4948,0.053,0.05,121,147,103130,104430,528,502,-0.04924,윌비스
397,2025-06-26,007700,0.026,0.088,0.015,0.057,189,3,234429,107126,125208,2723,3710,18880,0.136,0.186,0.081,4,39,198237,109939,88298,1603,1786,0.098,0.069,3,699,93230,153000,21650,21900,0.01155,F&F홀딩스
396,2025-06-26,043360,-0.0,0.008,-0.042,-0.017,0,253,8955,4563,3542,42,29,2360,0.011,0.051,-0.025,20,1,5100,1681,3419,24,60,0.078,0.055,225,699,112330,153000,2415,2415,0.0,디지아이
395,2025-06-26,042040,0.0,0.12,-0.114,-0.088,69,557,88307629,46895371,37170194,23068,34651,320,0.028,0.137,-0.013,26,1,23784796,11908925,11488641,3182,5633,0.1,0.07,81,287,101130,115430,346,322,-0.06936,케이피엠테크
394,2025-06-26,005950,-0.008,0.034,-0.022,0.008,11,63,131736,58919,68430,704,811,6000,0.045,0.212,0.042,43,0,1309490,658010,644862,5696,6733,0.1,0.07,7,699,93430,153000,6880,6710,-0.02471,이수화학
393,2025-06-26,019660,-0.004,0.1,-0.018,0.009,24,1,93376,54848,37036,331,357,2735,0.013,0.015,-0.051,1,44,35585,27732,7853,49,47,0.069,0.05,424,699,130300,153000,2710,2655,-0.0203,글로본
392,2025-06-26,002220,-0.006,0.09,-0.006,0.052,248,0,597990,282760,308196,1040,1548,2855,-0.026,-0.026,-0.098,0,20,70163,36326,33837,173,147,0.08,0.056,433,699,130730,153000,2705,2710,0.00185,한일철강
391,2025-06-25,417860,0.005,0.033,-0.049,0.025,758,419,169962,93314,58514,1425,1494,28300,-0.013,0.032,-0.046,37,9,74432,37218,37214,629,664,0.081,0.057,17,286,93930,115400,28350,30700,0.08289,오브젠
390,2025-06-25,389030,0.012,0.057,-0.02,0.008,248,46,594430,273811,316329,646,913,2545,-0.026,-0.016,-0.096,2,23,543409,257039,286370,411,408,0.089,0.062,11,699,93630,153000,2430,2430,0.0,지니너스
389,2025-06-25,454910,0.069,0.166,0.049,0.117,41,5,4305365,2102903,2135775,44134,49650,66000,0.032,0.033,-0.032,0,47,454252,300898,153354,5091,3238,0.067,0.05,73,699,100730,153000,66600,67600,0.01502,두산로보틱스
388,2025-06-25,357880,0.0,0.204,-0.022,0.017,66,3,19676487,10515152,8668682,25744,28181,2940,-0.014,0.043,-0.027,34,9,1814052,953563,860489,2182,2440,0.072,0.05,19,127,94030,103430,2990,2835,-0.05184,SKAI
387,2025-06-25,347860,0.021,0.04,-0.037,-0.006,2,47,2756849,1570506,1114020,4453,4448,3500,-0.004,0.16,-0.023,39,11,3043117,1385650,1530127,5004,5738,0.1,0.07,3,184,93230,110300,3810,3540,-0.07087,알체라
386,2025-06-25,340810,0.01,0.024,-0.025,-0.015,18,516,786491,475032,283533,2056,2021,5860,-0.009,0.075,-0.022,31,8,828087,430475,397612,2360,2801,0.099,0.07,5,509,93330,134530,6090,5670,-0.06897,시선AI
385,2025-06-25,335870,0.0,0.039,-0.026,0.014,0,21,61957,19978,41712,131,163,2110,0.021,0.021,-0.038,0,49,12800,11336,1464,49,12,0.062,0.05,4,699,93300,153000,2110,2080,-0.01422,윙스풋
384,2025-06-25,317530,0.052,0.052,-0.011,0.015,0,3,6223,2360,3014,103,139,4970,0.036,0.036,-0.044,0,39,5897,5317,580,86,32,0.084,0.059,572,699,141700,153000,4995,4895,-0.02002,캐리소프트
383,2025-06-25,37550K,0.087,0.087,0.018,0.038,0,422,9560,5898,2938,138,145,23300,0.103,0.109,0.041,0,44,16588,10372,6216,281,228,0.066,0.05,167,699,105430,153000,25250,25300,0.00198,DL이앤씨우
382,2025-06-25,375500,0.048,0.057,0.005,0.045,3,40,564471,284015,267967,12821,16022,48400,0.182,0.2,0.122,5,16,1093979,482557,590694,10557,13120,0.07,0.05,164,699,105300,153000,56700,55400,-0.02293,DL이앤씨
381,2025-06-25,286750,0.006,0.019,-0.04,-0.04,5,753,283644,190776,76200,411,449,2300,-0.039,-0.02,-0.08,0,25,165171,112670,52501,206,260,0.066,0.05,133,699,103730,153000,2205,2275,0.03175,나노실리칸첨단소재
380,2025-06-25,223310,0.223,0.3,0.156,0.3,9,4,3356520,2336114,855494,5452,2911,4550,0.231,0.253,0.121,26,9,2006909,1123912,882997,5888,5811,0.071,0.05,342,403,122200,125230,5480,5210,-0.04927,딥마인드
379,2025-06-25,215380,0.0,0.011,-0.037,0.006,6,102,216909,71642,140782,295,338,1990,-0.0,0.08,-0.0,19,0,212958,90535,122423,361,490,0.081,0.057,27,699,94430,153000,2090,2010,-0.03828,우정바이오
378,2025-06-25,205500,0.017,0.16,-0.026,0.089,149,0,21959126,11386577,9863890,44500,46632,4585,-0.041,-0.012,-0.084,14,49,1240154,705269,534885,1770,1484,0.079,0.055,584,586,142300,142400,4405,4160,-0.05562,넥써쓰
377,2025-06-25,179530,0.15,0.176,-0.006,0.01,5,706,1210687,667085,429200,3831,3606,3160,-0.002,0.038,-0.032,8,26,55361,25937,29424,120,130,0.072,0.05,424,699,130300,153000,3200,3305,0.03281,애드바이오텍
376,2025-06-25,052690,0.007,0.065,-0.031,0.03,161,40,2548533,1239512,1280617,31535,32297,115000,0.031,0.032,-0.052,0,47,482692,328904,153788,7799,5927,0.089,0.062,88,699,101500,153000,115000,114900,-0.00087,한전기술
375,2025-06-25,065060,-0.009,-0.0,-0.084,-0.072,4,588,253837,154773,91081,520,499,1388,-0.022,-0.018,-0.084,4,48,59023,44040,14983,143,104,0.072,0.051,267,699,114430,153000,1329,1327,-0.0015,지엔코
374,2025-06-25,000157,0.021,0.036,-0.053,0.018,655,67,11382,6053,5114,1153,1184,485500,-0.008,-0.007,-0.078,0,49,1530,1020,510,256,148,0.077,0.054,1,699,93130,153000,469000,463000,-0.01279,두산2우B
373,2025-06-24,462860,-0.044,0.047,-0.096,-0.086,28,600,15542182,8931283,6268744,28359,29331,4825,0.045,0.154,0.034,20,1,10057578,4166731,5753011,14392,17812,0.1,0.07,6,699,93400,153000,5350,5200,-0.02804,더즌
372,2025-06-24,413640,-0.022,0.159,-0.027,0.157,698,2,704029,317418,368163,4184,18156,23950,-0.035,-0.019,-0.083,0,32,109602,73049,36553,1097,464,0.071,0.05,26,699,94400,153000,22950,23250,0.01307,비아이매트릭스
371,2025-06-24,377030,-0.044,-0.008,-0.1,-0.083,12,572,2781363,1686648,989173,6356,6007,6520,0.066,0.12,0.054,24,3,811138,368651,442487,1818,1917,0.063,0.05,13,485,93730,133330,7150,6790,-0.05035,비트맥스
370,2025-06-24,372800,0.001,0.067,-0.029,0.062,223,74,95512,37849,47820,484,639,7310,0.037,0.063,0.003,8,48,39539,20266,19273,154,148,0.06,0.05,40,63,95100,100230,7610,8080,0.06176,아이티아이즈
369,2025-06-24,355150,-0.0,0.034,-0.064,0.027,460,3,276052,133139,135973,1722,1566,11970,0.008,0.077,0.007,7,0,52977,20932,32045,287,363,0.07,0.05,23,699,94230,153000,12580,12510,-0.00556,코스텍시스
368,2025-06-24,348370,-0.024,-0.024,-0.055,-0.047,0,162,270366,169084,96458,3850,4539,55200,0.054,0.118,0.036,28,5,282543,98068,184475,2793,4683,0.079,0.055,32,699,94700,153000,60100,62200,0.03494,엔켐
367,2025-06-24,347860,0.0,0.053,-0.057,0.029,587,9,4736632,2296431,2314343,6677,7889,3520,0.009,0.023,-0.037,3,37,747756,510956,236800,1175,734,0.062,0.05,36,699,94900,153000,3520,3500,-0.00568,알체라
366,2025-06-24,317830,-0.004,0.049,-0.038,0.034,573,57,167782,78816,84740,1106,1314,7640,0.034,0.097,0.016,32,14,150484,62169,88315,533,759,0.08,0.056,35,699,94830,153000,8150,7980,-0.02086,에스피시스템스
365,2025-06-24,290660,0.0,0.295,0.0,0.221,35,0,8258254,4269712,3787831,13864,15980,1400,0.028,0.057,-0.041,1,29,362773,251663,111110,602,294,0.1,0.07,532,699,135700,153000,1427,1420,-0.00491,네오펙트
364,2025-06-24,267320,-0.003,0.036,-0.035,0.025,291,3,2275548,1195404,1016172,2850,3404,3845,0.138,0.234,0.135,10,0,5822658,2465906,3244903,11116,11266,0.078,0.055,195,699,110830,153000,4600,4500,-0.02174,나인테크
363,2025-06-24,33626L,-0.018,0.259,-0.079,0.02,402,6,1301289,677607,566633,15870,17589,11320,0.126,0.148,0.056,1,45,103775,63566,40209,1625,1492,0.088,0.062,37,60,94930,100100,12600,11820,-0.0619,두산퓨얼셀2우B
362,2025-06-24,232830,-0.009,0.013,-0.095,-0.019,217,20,597896,331077,259836,1421,1484,3305,-0.009,0.029,-0.033,9,31,101809,70440,31369,241,155,0.064,0.05,61,139,100130,104030,3325,3540,0.06466,아이티센피엔에스
361,2025-06-24,205500,0.039,0.299,0.029,0.299,53,0,12691296,6752131,4882121,13268,13800,4210,0.014,0.118,-0.012,40,4,5332348,2819787,2384285,9389,9333,0.1,0.07,5,699,93330,153000,4495,4585,0.02002,넥써쓰
360,2025-06-24,160190,-0.019,0.106,-0.036,0.05,575,4,1008995,513246,482974,9992,10694,36500,0.253,0.3,0.219,28,9,2017401,1160546,843445,16260,15440,0.016,0.05,105,135,102330,103830,46350,47100,0.01618,하이젠알앤엠
359,2025-06-24,158430,0.049,0.152,0.012,0.032,120,360,1597590,1602,9257,17,53,12530,-0.091,-0.02,-0.098,18,0,696097,398779,297318,2173,2543,0.087,0.061,38,402,95000,125200,11910,12950,0.08732,아톤
358,2025-06-24,123420,-0.001,0.3,-0.023,0.3,737,45,1170152,705994,377873,3335,2383,10230,0.019,0.034,-0.064,0,10,1136148,639366,496782,5324,4812,0.1,0.07,10,32,93600,94700,10200,11230,0.10098,위메이드플레이
357,2025-06-24,114630,-0.006,-0.006,-0.025,-0.008,0,75,298021,230872,60374,140,214,509,-0.002,0.098,-0.002,8,0,887813,394489,439674,537,696,0.1,0.07,131,699,103630,153000,540,538,-0.0037,폴라리스우노
356,2025-06-24,103140,0.144,0.217,0.058,0.075,3,205,2166622,1189748,913833,41077,38557,136000,-0.083,-0.079,-0.158,1,22,568470,336858,231612,9109,6985,0.094,0.066,59,699,100030,153000,121200,125200,0.033,풍산
355,2025-06-24,096350,-0.041,0.207,-0.077,0.136,296,0,45314987,21233288,23052464,19184,25476,533,0.032,0.032,-0.041,0,39,3207493,2030091,1177402,997,787,0.076,0.053,619,699,144030,153000,536,538,0.00373,대창솔루션
354,2025-06-24,087010,-0.015,-0.013,-0.063,-0.044,2,113,373209,235722,134692,11101,10248,190700,0.054,0.148,0.051,12,0,248157,95714,149365,4160,5479,0.092,0.065,4,699,93300,153000,212000,205000,-0.03302,펩트론
353,2025-06-24,032350,-0.04,-0.019,-0.063,-0.028,27,209,1304269,741854,544229,9432,10911,16600,0.004,0.004,-0.072,0,29,461413,245886,215527,2155,1915,0.082,0.057,11,699,93630,153000,16180,16450,0.01669,롯데관광개발
352,2025-06-24,069920,0.006,0.006,-0.106,-0.093,0,742,422544,221280,194209,763,791,1613,0.019,0.044,-0.039,0,22,42384,25871,14589,169,105,0.086,0.061,226,542,112400,140200,1633,1775,0.08696,엑시온그룹
351,2025-06-24,066900,0.064,0.064,0.004,0.013,0,759,13469,7506,5654,78,104,2375,0.061,0.076,0.002,0,10,5206,2723,2483,48,63,0.074,0.051,213,699,111730,153000,2490,2520,0.01205,디에이피
350,2025-06-24,011700,-0.025,0.028,-0.038,-0.03,158,586,2866113,1732106,1008085,6168,6732,4485,0.02,0.021,-0.051,0,31,616538,359476,257062,982,883,0.076,0.053,23,699,94230,153000,4455,4350,-0.02357,한신기계
349,2025-06-24,009810,-0.009,-0.009,-0.045,-0.037,0,51,717325,462306,213541,202,246,340,0.003,0.162,0.003,24,0,972405,458063,368860,641,539,0.1,0.07,17,699,93930,153000,375,370,-0.01333,플레이그램
348,2025-06-24,044490,-0.019,0.158,-0.041,0.049,375,3,1455930,735853,694562,11330,12411,33250,0.039,0.056,-0.029,4,31,174880,105712,69168,1112,1147,0.087,0.061,21,699,94130,153000,34050,35200,0.03377,태웅
347,2025-06-24,042040,0.0,0.004,-0.022,-0.015,305,25,165524,94932,64643,106,171,270,0.263,0.3,0.152,13,0,12170599,6710838,5096188,3811,4130,0.037,0.05,1,5,93130,93330,336,349,0.03869,케이피엠테크
346,2025-06-24,005810,0.077,0.208,0.064,0.149,145,26,1319755,576263,703088,11385,14413,51200,-0.088,-0.086,-0.149,0,42,177035,121000,56035,1879,1250,0.075,0.052,418,699,130000,153000,45550,46400,0.01866,풍산홀딩스
345,2025-06-24,033340,-0.034,-0.007,-0.098,-0.061,698,540,4957757,2757823,1944683,4227,3742,1312,0.09,0.215,0.089,13,0,12364806,5675412,6506941,9954,10614,0.1,0.07,1,699,93130,153000,1531,1459,-0.04703,좋은사람들
344,2025-06-24,026040,-0.024,0.016,-0.084,-0.013,272,8,359579,194066,154485,848,1000,3040,0.066,0.13,0.053,13,44,532452,229362,303090,1046,1182,0.073,0.051,1,699,93130,153000,3345,3300,-0.01345,제이에스티나
343,2025-06-24,003280,0.157,0.157,0.098,0.155,0,180,11154415,16326,32915,39,73,2230,-0.17,-0.157,-0.206,1,31,8132374,5123552,3008822,5756,5513,0.061,0.05,79,699,101030,153000,1839,1783,-0.03045,흥아해운
342,2025-06-24,002020,-0.028,0.02,-0.028,0.009,69,0,306863,161621,141779,4542,3287,39800,0.031,0.09,0.021,3,31,166413,81649,84764,1702,1838,0.068,0.05,45,699,95330,153000,42350,43300,0.02243,코오롱
341,2025-06-24,000157,-0.03,0.068,-0.03,0.021,105,0,14201,6217,7617,1183,1420,477000,0.009,0.011,-0.048,0,46,2244,1333,911,239,195,0.063,0.05,549,699,140530,153000,472000,485500,0.0286,두산2우B
340,2025-06-23,464580,0.066,0.3,0.063,0.3,98,0,4197772,2433739,1657727,7648,7209,3815,-0.026,0.063,-0.035,14,22,786301,400941,385360,2085,2041,0.1,0.07,20,699,94100,153000,3910,3705,-0.05243,닷밀
339,2025-06-23,460870,0.021,0.051,-0.024,0.009,63,72,1741694,934295,785983,5327,4886,6870,-0.022,0.045,-0.025,24,0,245682,99805,145877,574,659,0.072,0.05,1,85,93130,101330,7000,7510,0.07286,에스엠씨지
338,2025-06-23,457550,0.061,0.086,-0.015,0.013,2,53,3935563,2230976,1617578,27883,23787,30000,0.047,0.077,0.015,3,41,791549,423815,367734,6388,6517,0.061,0.05,12,84,93700,101300,31600,33550,0.06171,우진엔텍
337,2025-06-23,417860,-0.011,0.095,-0.036,0.024,37,62,425695,227709,180078,3942,3994,28050,-0.02,-0.002,-0.066,8,49,37295,27660,9635,345,228,0.069,0.05,94,699,101800,153000,27350,27600,0.00914,오브젠
336,2025-06-23,377300,0.011,0.299,-0.021,0.299,747,66,6730674,2592185,3908511,51100,75659,79600,0.024,0.187,0.024,16,0,3065664,1557935,1430522,32933,37008,0.1,0.07,14,122,93800,103200,89500,98600,0.10168,카카오페이
335,2025-06-23,290660,0.009,0.027,-0.055,0.02,744,38,830406,432995,346126,1009,1098,1147,0.043,0.295,0.037,25,1,3538175,1778945,1619183,4655,5101,0.081,0.057,19,699,94030,153000,1369,1400,0.02264,네오펙트
334,2025-06-23,33626L,0.083,0.3,0.077,0.3,8,0,314620,180467,122982,2244,1831,11100,-0.056,0.07,-0.06,14,0,198628,95285,103343,2897,3956,0.1,0.07,245,251,113330,113630,11320,12460,0.10071,두산퓨얼셀2우B
333,2025-06-23,234340,-0.038,-0.019,-0.076,-0.021,759,36,841053,462429,354329,17070,6468,25750,0.043,0.076,0.01,14,38,546502,303526,242976,3008,3129,0.065,0.05,125,333,103330,121730,27050,25650,-0.05176,헥토파이낸셜
332,2025-06-23,232830,-0.006,0.021,-0.061,-0.043,15,608,545778,310537,227433,1110,1061,3370,-0.028,-0.028,-0.095,0,10,218188,141984,76204,425,265,0.074,0.052,23,699,94230,153000,3190,3305,0.03605,아이티센피엔에스
331,2025-06-23,207760,-0.001,0.014,-0.047,-0.015,217,53,4611014,2407627,2001688,6722,6133,1840,-0.02,0.066,-0.02,27,0,2611940,1349143,1262797,3731,3706,0.088,0.062,558,699,141000,153000,1901,1843,-0.03051,미스터블루
330,2025-06-23,193250,0.0,0.057,0.0,0.042,24,0,447231,179589,261701,376,520,552,-0.029,0.139,-0.036,44,15,1744317,789750,791132,952,1024,0.1,0.07,10,699,93600,153000,592,609,0.02872,링크드
329,2025-06-23,131100,0.0,0.046,-0.02,0.018,9,712,73355,39451,31139,313,416,1562,0.12,0.3,0.08,9,0,3064719,1546090,1375067,6243,7624,0.063,0.05,2,12,93200,93700,1896,1801,-0.05011,티엔엔터테인먼트
328,2025-06-23,124500,-0.01,0.023,-0.083,-0.037,7,585,1356722,751913,562364,6369,6411,28900,-0.009,-0.007,-0.087,8,2,292671,195641,97030,1454,1348,0.087,0.061,12,196,93700,110900,27850,30300,0.08797,아이티센글로벌
327,2025-06-23,096350,0.17,0.298,0.085,0.109,11,22,55476163,30157244,19916584,28317,32144,469,0.021,0.047,-0.013,10,18,3121355,1586156,1535199,800,999,0.06,0.05,17,96,93930,101900,481,511,0.06237,대창솔루션
326,2025-06-23,035510,-0.045,-0.011,-0.091,-0.016,735,35,2520392,1225373,1210416,9150,10320,21650,0.039,0.079,0.012,3,42,1030633,524569,506064,4418,4016,0.066,0.05,36,59,94900,100030,22800,24350,0.06798,신세계 I&C
325,2025-06-23,019175,-0.033,0.184,-0.113,-0.067,69,757,1001232,514263,395572,15477,15653,43350,-0.065,0.063,-0.073,14,0,71709,35546,33131,2292,2180,0.1,0.07,136,215,103900,111830,43800,40700,-0.07078,신풍제약우
324,2025-06-23,064260,0.002,0.046,-0.036,0.012,699,53,6125180,3018089,2809187,8920,11067,6140,0.002,0.028,-0.033,8,43,1796206,1088015,708191,2557,2720,0.062,0.05,76,699,100900,153000,6180,6170,-0.00162,다날
323,2025-06-23,051160,0.002,0.09,-0.005,0.058,271,2,333072,147597,179888,2005,2099,11930,-0.065,-0.044,-0.104,1,31,93799,50051,43748,706,451,0.066,0.05,331,699,121630,153000,11140,11200,0.00539,지어소프트
322,2025-06-23,049480,0.006,0.164,-0.016,0.158,745,47,8701675,4055677,4059961,10723,12329,2935,0.077,0.186,0.06,23,3,7199320,3524922,3615927,11214,11850,0.1,0.07,3,699,93230,153000,3340,3205,-0.04042,오픈베이스
321,2025-06-23,049470,-0.014,-0.014,-0.05,-0.039,0,2,160465,96090,54177,190,272,420,0.012,0.069,0.005,10,42,60949,28089,32860,84,98,0.064,0.05,277,589,114930,142530,440,469,0.06591,SGA
320,2025-06-23,046120,0.079,0.182,0.042,0.112,223,42,34762520,17801007,16047578,60471,64710,4375,0.079,0.136,0.058,6,45,5513063,2961888,2361438,11509,10807,0.073,0.051,10,75,93600,100830,4840,5210,0.07645,오르비텍
319,2025-06-23,007160,0.005,0.016,-0.037,-0.026,12,505,44388,26518,17339,994,1263,60200,-0.032,0.03,-0.033,23,3,5901,2129,3772,109,117,0.065,0.05,312,699,120700,153000,60600,60200,-0.0066,사조산업
318,2025-06-23,001465,0.013,0.034,-0.114,-0.097,4,441,36537,28488,6818,451,341,21400,-0.037,-0.005,-0.063,2,23,9620,4424,5196,105,95,0.062,0.05,428,699,130500,153000,20850,21900,0.05036,BYC우
317,2025-06-20,481070,-0.014,0.002,-0.045,-0.002,734,403,109679,63465,44316,1106,1346,24200,0.021,0.031,-0.037,4,40,19932,13217,6715,249,190,0.071,0.05,31,699,94630,153000,24350,23300,-0.04312,에이유브랜즈
316,2025-06-20,457550,-0.009,0.298,-0.035,0.298,712,40,4800831,2034421,2725391,26897,34205,29600,0.059,0.066,-0.015,0,43,1193074,774832,418242,9596,6593,0.082,0.058,20,699,94100,153000,30650,30000,-0.02121,우진엔텍
315,2025-06-20,448710,0.002,0.068,0.002,0.046,266,0,210215,96462,107932,2491,2433,21500,0.035,0.044,-0.023,0,46,55689,33622,22067,412,564,0.069,0.05,6,47,93400,95430,21900,23450,0.07078,코츠테크놀로지
314,2025-06-20,417860,-0.0,0.009,-0.081,-0.054,1,277,433256,254994,154735,4217,4418,27400,-0.022,0.095,-0.031,27,50,188405,93085,86070,1464,1673,0.1,0.07,358,699,123000,153000,28650,28050,-0.02094,오브젠
313,2025-06-20,355150,0.03,0.099,-0.018,-0.006,75,636,294285,147411,133913,1754,1830,11750,-0.024,0.053,-0.046,13,46,50955,37372,13583,416,177,0.1,0.07,85,699,101330,153000,11930,11650,-0.02347,코스텍시스
312,2025-06-20,347860,0.001,0.039,-0.019,-0.007,5,41,5621224,3177772,2308398,10477,10213,3390,-0.037,0.029,-0.062,29,48,1104704,554846,549858,1684,1601,0.097,0.068,49,699,95530,153000,3370,3420,0.01484,알체라
311,2025-06-20,294570,0.018,0.018,-0.042,-0.015,0,69,214063,120367,65623,2206,2181,32500,-0.071,-0.071,-0.138,0,35,129301,90829,38472,1200,1039,0.079,0.055,275,699,114830,153000,29350,29300,-0.0017,쿠콘
310,2025-06-20,290670,0.008,0.008,-0.035,-0.028,0,403,87634,60357,24097,1207,1182,18730,0.046,0.119,0.046,41,25,352902,150753,202149,2574,2854,0.069,0.05,24,193,94300,110730,20450,19430,-0.04988,대보마그네틱
309,2025-06-20,290660,0.08,0.111,-0.049,-0.046,0,745,7589125,4221944,2858469,16216,17762,1125,0.001,0.004,-0.055,0,28,258901,163044,95857,343,200,0.062,0.05,3,699,93230,153000,1105,1147,0.03801,네오펙트
308,2025-06-20,267980,-0.003,0.009,-0.003,0.003,124,0,4323,1876,2406,159,269,38300,-0.004,0.042,-0.034,17,18,3155,1663,1492,68,76,0.078,0.055,301,699,120130,153000,38800,38200,-0.01546,매일유업
307,2025-06-20,336260,0.027,0.052,0.012,0.038,207,33,795003,341287,443229,5236,7086,19400,0.152,0.268,0.137,20,0,4791971,2283121,2488213,25552,30575,0.058,0.05,137,699,103930,153000,23650,23450,-0.00846,두산퓨얼셀
306,2025-06-20,256940,-0.022,0.005,-0.054,-0.024,23,2,437003,257170,158646,2800,2251,20100,0.005,0.037,-0.025,9,31,87142,55219,31923,648,539,0.064,0.05,108,513,102500,134730,20400,19380,-0.05,킵스파마
305,2025-06-20,234920,0.004,0.005,-0.029,-0.028,1,714,101338,63908,36260,462,500,4170,0.019,0.151,0.017,14,0,341412,178162,148484,1466,1311,0.1,0.07,0,127,93100,103430,4585,4260,-0.07088,자이글
304,2025-06-20,232830,0.008,0.034,-0.067,-0.054,25,56,1021899,609137,374747,2238,2101,3520,0.004,0.021,-0.05,5,41,148630,71280,77350,262,201,0.075,0.052,47,522,95430,135200,3500,3315,-0.05286,아이티센피엔에스
303,2025-06-20,201490,0.038,0.299,0.012,0.259,372,10,24446247,13154615,10544177,37903,39266,5100,0.006,0.024,-0.068,6,44,1445236,900914,544322,2869,2434,0.098,0.068,50,81,95600,101130,5050,5550,0.09901,미투온
302,2025-06-20,192410,0.0,0.045,-0.026,0.006,12,32,202347,127152,74391,611,337,1292,0.089,0.189,0.084,7,33,1614250,830217,736790,3132,3744,0.097,0.068,35,85,94830,101330,1484,1383,-0.06806,오늘이엔엠
301,2025-06-20,179530,-0.016,0.033,-0.105,-0.105,3,760,473165,274626,136586,972,607,3640,-0.033,-0.021,-0.135,1,37,359813,257476,102337,580,479,0.1,0.07,424,699,130300,153000,3405,3280,-0.03671,애드바이오텍
300,2025-06-20,105330,0.001,0.05,-0.0,0.022,4,24,23990,12143,11324,105,239,4170,0.061,0.283,0.056,22,0,894566,435665,401806,4798,5322,0.08,0.056,26,429,94400,130530,4980,4695,-0.05723,케이엔더블유
299,2025-06-20,096350,0.01,0.094,-0.012,0.047,705,396,5964567,2277090,2891592,1485,2171,423,0.286,0.298,0.085,1,12,19860564,11143720,4991745,4440,5668,0.06,0.05,14,71,93800,100630,515,489,-0.05049,대창솔루션
298,2025-06-20,095190,-0.002,0.049,-0.019,0.049,751,69,785921,371733,364685,899,1311,2460,0.028,0.067,-0.035,25,40,815821,463678,352143,1063,1059,0.1,0.07,32,699,94700,153000,2530,2440,-0.03557,이엠코리아
297,2025-06-20,088340,0.03,0.032,-0.046,-0.014,0,182,404054,227165,114727,2971,2290,24550,-0.071,-0.061,-0.131,4,40,150533,107936,42597,1339,728,0.081,0.057,441,699,131130,153000,22400,21200,-0.05357,유라클
296,2025-06-20,052690,-0.007,0.086,-0.007,0.086,719,1,746928,0,0,0,0,114000,-0.005,0.004,-0.058,5,29,697675,396072,301603,9224,7353,0.066,0.05,11,699,93630,153000,111900,111300,-0.00536,한전기술
295,2025-06-20,072470,0.014,0.014,-0.017,-0.008,0,420,142562,0,9,0,2,3580,0.038,0.077,-0.035,25,48,454173,275549,178624,1910,2050,0.1,0.07,57,145,95930,104330,3700,4075,0.10135,우리산업홀딩스
294,2025-06-20,057680,0.037,0.063,0.002,0.026,120,360,747846,1639,0,3,0,1252,-0.014,0.129,-0.015,18,0,1569239,670752,847267,1860,1847,0.1,0.07,4,61,93300,100130,1344,1480,0.10119,티사이언티픽
293,2025-06-20,011700,0.006,0.2,-0.014,0.139,427,35,30251362,15522189,14238772,50062,55589,4965,-0.024,-0.013,-0.077,0,43,1432374,859478,572896,2318,1756,0.069,0.05,27,699,94430,153000,4780,4625,-0.03243,한신기계
292,2025-06-20,053300,0.032,0.152,0.013,0.071,137,13,24538223,12162068,12017635,52529,60374,9020,0.019,0.023,-0.061,0,34,1694985,1069425,625560,3577,2742,0.09,0.063,624,699,144300,153000,8940,9250,0.03468,한국정보인증
291,2025-06-20,046120,0.008,0.299,0.008,0.299,681,0,15466013,6791919,8500145,21880,29630,3935,0.14,0.149,0.042,0,32,6856039,4041504,2814535,12172,10856,0.1,0.07,9,699,93530,153000,4360,4375,0.00344,오르비텍
290,2025-06-20,044490,-0.0,0.112,-0.039,0.098,748,19,1327514,560681,732131,9645,11691,32400,-0.02,-0.012,-0.088,5,29,185616,129536,56080,1356,962,0.083,0.058,3,699,93230,153000,31100,31700,0.01929,태웅
289,2025-06-20,041460,0.011,0.255,0.005,0.171,555,0,21301793,10891094,9975043,47316,52097,4905,-0.023,0.0,-0.068,1,46,692175,491679,200496,1700,1003,0.073,0.051,602,699,143200,153000,4780,4900,0.0251,한국전자인증
288,2025-06-20,039290,-0.001,0.064,-0.012,0.012,62,42,223615,125899,90088,1185,1541,6940,0.022,0.029,-0.033,11,25,25977,14679,11298,134,140,0.064,0.05,8,699,93500,153000,6980,7050,0.01003,인포뱅크
287,2025-06-20,019990,0.004,0.123,-0.012,0.072,720,30,3922793,1866937,1882432,12310,14323,9070,-0.045,-0.042,-0.1,0,42,324078,252456,71622,1166,798,0.065,0.05,27,699,94430,153000,8500,8280,-0.02588,에너토크
286,2025-06-20,018000,0.001,0.04,-0.023,0.012,15,405,5702508,2996881,2468820,5250,5832,1793,-0.146,-0.144,-0.23,0,34,5213505,3335522,1877983,5900,3970,0.1,0.07,227,699,112430,153000,1475,1418,-0.03864,유니슨
285,2025-06-19,389030,0.0,0.189,-0.02,0.189,760,0,1429827,598279,691305,1967,2188,2700,0.056,0.087,-0.002,4,50,542884,291919,219426,854,775,0.089,0.062,36,699,94900,153000,2845,2810,-0.0123,지니너스
284,2025-06-19,377030,0.0,0.159,-0.024,0.159,760,1,2473584,1169608,1169804,5521,6643,6200,0.032,0.032,-0.048,0,6,371533,262335,109198,1073,742,0.085,0.059,44,558,95300,141000,6220,5850,-0.05949,비트맥스
283,2025-06-19,45014K,0.214,0.282,0.035,0.035,7,760,2656888,1413723,1110401,21284,24511,5610,-0.054,-0.039,-0.118,16,34,118922,81806,37116,469,383,0.089,0.062,3,563,93230,141230,5230,5710,0.09178,코오롱모빌리티그룹우
282,2025-06-19,340810,0.014,0.252,-0.041,0.215,626,4,10654322,5322898,5085992,26629,32306,6110,-0.041,0.133,-0.049,25,1,2960871,1504414,1401817,7843,8368,0.1,0.07,338,516,122000,134900,6490,6040,-0.06934,시선AI
281,2025-06-19,319400,-0.01,0.061,-0.012,0.05,412,3,1601727,551513,1018758,1956,4202,4380,0.04,0.111,0.038,25,1,2412407,1042704,1369703,3544,5767,0.07,0.05,27,699,94430,153000,4745,4825,0.01686,현대무벡스
280,2025-06-19,377300,-0.005,0.052,-0.024,0.05,162,9,1856781,884647,940419,18205,18946,60800,0.082,0.089,0.011,0,25,743052,470292,272760,9709,6846,0.076,0.053,6,285,93400,115330,64500,61000,-0.05426,카카오페이
279,2025-06-19,281740,-0.009,0.017,-0.013,-0.004,4,390,248847,145760,97858,1783,1775,11890,-0.003,0.002,-0.062,8,16,128187,102426,24193,761,516,0.068,0.05,28,699,94500,153000,11630,11570,-0.00516,레이크머티리얼즈
278,2025-06-19,235980,0.0,0.008,-0.024,0.005,49,424,76112,43508,32392,386,304,3730,0.063,0.126,0.036,9,21,221553,111814,109739,819,922,0.087,0.061,142,699,104200,153000,4075,3900,-0.04294,메드팩토
277,2025-06-19,201490,0.073,0.129,-0.075,0.024,22,84,15257733,8487634,6170928,25753,28305,4050,0.015,0.142,0.012,39,0,2732182,1146733,1465710,4203,5278,0.1,0.07,1,273,93130,114730,4420,4865,0.10068,미투온
276,2025-06-19,192410,-0.01,0.045,-0.079,0.041,734,11,290354,130949,151883,705,949,1284,0.026,0.045,-0.026,2,22,88658,69246,19412,115,68,0.073,0.051,27,699,94430,153000,1308,1292,-0.01223,오늘이엔엠
275,2025-06-19,184230,0.01,0.01,-0.065,-0.044,0,458,1300200,814941,461631,795,906,586,0.015,0.077,0.014,11,0,437315,233206,204109,339,293,0.062,0.05,277,699,114930,153000,618,615,-0.00485,SGA솔루션즈
274,2025-06-19,124500,-0.004,0.092,-0.037,0.051,25,3,1201509,593385,581460,6696,7259,28700,0.064,0.132,0.042,13,19,447885,202804,245081,2666,3056,0.087,0.061,52,157,95700,104930,31500,29550,-0.0619,아이티센글로벌
273,2025-06-19,083660,0.03,0.3,0.015,0.243,429,0,11475650,5279421,5678546,16286,18927,1786,-0.004,0.064,-0.036,2,50,2189945,1204748,985197,2315,2531,0.1,0.07,18,144,94000,104300,1832,1704,-0.06987,CSA 코스믹
272,2025-06-19,000440,0.096,0.113,-0.005,0.044,1,84,487060,282060,192973,4567,3946,21250,-0.019,0.094,-0.019,24,0,369631,177180,190686,2469,2604,0.1,0.07,69,524,100530,135300,22350,24600,0.10067,중앙에너비스
271,2025-06-18,462860,0.021,0.085,-0.037,0.03,38,13,29013054,14999012,13454519,63439,66280,4320,0.037,0.083,0.015,28,4,6624648,3389345,3235303,12011,12910,0.067,0.05,13,106,93730,102400,4570,4880,0.06783,더즌
270,2025-06-18,417860,0.176,0.299,0.078,0.299,17,6,476213,184249,113045,2768,1795,26500,0.108,0.128,-0.019,1,8,372899,218796,154103,3849,3496,0.1,0.07,2,273,93200,114730,28400,31250,0.10035,오브젠
269,2025-06-18,45014K,0.059,0.3,0.058,0.3,7,0,370540,145270,128481,1159,1150,5420,0.157,0.279,0.151,5,31,488602,260971,216773,3883,3716,0.048,0.05,41,63,95130,100230,6670,6340,-0.04948,코오롱모빌리티그룹우
268,2025-06-18,299660,0.019,0.107,-0.015,0.029,58,5,3958796,2103233,1792859,8595,19280,6060,0.023,0.026,-0.068,0,6,446566,247164,149921,1066,935,0.1,0.07,67,699,100430,153000,6010,6030,0.00333,셀리드
267,2025-06-18,298060,-0.01,0.006,-0.023,-0.009,32,15,203469,96414,46516,204,215,878,0.072,0.072,0.0,0,46,319870,189358,127575,726,860,0.072,0.05,57,699,95930,153000,918,929,0.01198,에스씨엠생명과학
266,2025-06-18,201490,0.036,0.036,-0.125,-0.101,0,540,2854502,27677,19224,25,2,3955,0.047,0.129,0.006,12,49,2605175,1520706,1084469,4571,5213,0.1,0.07,426,452,130400,131700,4280,3975,-0.07126,미투온
265,2025-06-18,199480,0.02,0.3,0.006,0.3,77,13,2391105,978848,1196703,5674,5673,6500,0.077,0.086,0.011,0,27,1111341,716277,395064,4411,4335,0.075,0.052,29,184,94530,110300,6880,7400,0.07558,뱅크웨어글로벌
264,2025-06-18,083660,-0.022,0.062,-0.043,0.041,292,14,754374,309057,434512,3134,1210,1437,0.14,0.232,0.058,3,45,2653807,1511336,1142471,3208,2813,0.1,0.07,88,184,101500,110300,1673,1841,0.10042,CSA 코스믹
263,2025-06-18,069510,0.011,0.011,-0.02,-0.017,0,165,31350,22159,8974,688,659,15750,0.069,0.238,0.057,32,3,173568,98401,72101,2314,2216,0.1,0.07,30,69,94600,100530,18380,20250,0.10174,에스텍
262,2025-06-18,065770,0.009,0.03,-0.036,-0.025,0,11,86772,49483,31181,1219,702,1041,0.008,0.2,0.006,37,0,1098001,620952,469432,2226,3911,0.1,0.07,95,658,101830,150000,1170,1088,-0.07009,CS
261,2025-06-18,053580,0.033,0.042,-0.066,-0.018,2,547,1017595,619891,355148,6752,5728,18920,0.11,0.158,0.091,30,1,2480631,1203135,1221033,14542,15926,0.061,0.05,32,699,94700,153000,21450,21400,-0.00233,웹케시
260,2025-06-18,043200,0.0,0.049,-0.078,-0.063,61,559,5661754,3431385,2150635,10232,9971,1537,0.06,0.165,0.05,7,3,5783523,2854192,2865737,7284,8629,0.1,0.07,72,699,100700,153000,1722,1659,-0.03659,파루
259,2025-06-18,032820,0.038,0.167,0.028,0.065,237,7,171387153,88101670,79780109,138116,163311,3600,0.016,0.079,0.011,15,0,20469139,10524978,9944161,15301,18969,0.067,0.05,108,699,102500,153000,3795,3850,0.01449,우리기술
258,2025-06-18,000440,-0.08,0.032,-0.105,-0.067,316,4,1236169,651149,561538,11367,10998,20350,0.079,0.081,0.017,0,37,108529,69515,39014,1156,847,0.063,0.05,320,699,121100,153000,21550,21250,-0.01392,중앙에너비스
257,2025-06-17,457550,0.023,0.061,0.0,0.056,651,58,893646,414676,461859,4844,5880,23400,0.024,0.034,-0.03,2,44,235788,157115,78673,1610,895,0.066,0.05,51,443,95630,131230,23650,22450,-0.05074,우진엔텍
256,2025-06-17,389030,0.0,0.055,-0.028,-0.026,358,5,391276,234188,149415,606,571,2225,0.009,0.009,-0.049,0,41,113307,73535,39772,148,97,0.061,0.05,130,699,103600,153000,2200,2270,0.03182,지니너스
255,2025-06-17,347860,0.064,0.299,0.059,0.299,411,1,14903332,7469620,7239697,19244,20643,2540,0.167,0.242,0.126,9,1,8222740,4580686,3430417,13165,11760,0.076,0.053,224,338,112300,122000,3045,3280,0.07718,알체라
254,2025-06-17,184230,-0.013,0.079,-0.042,0.045,403,3,1534850,630051,852820,1102,1575,645,0.087,0.124,0.053,21,33,1886661,878063,1008598,1915,1813,0.068,0.05,14,110,93800,102600,708,673,-0.04944,SGA솔루션즈
253,2025-06-17,124500,0.041,0.264,0.016,0.194,108,11,2076450,966690,1025287,15713,11557,26500,-0.017,0.03,-0.028,14,2,183471,110117,73354,997,907,0.06,0.05,572,677,141700,150930,26750,28400,0.06168,아이티센글로벌
252,2025-06-17,122450,0.0,0.026,-0.016,0.002,29,164,85111,41208,40575,341,1086,4100,0.035,0.145,0.026,34,0,435392,176722,233476,1051,1399,0.1,0.07,10,699,93600,153000,4505,4420,-0.01887,KX
251,2025-06-17,105840,0.02,0.031,-0.033,0.017,635,59,1519512,801191,677498,5903,6362,10640,0.023,0.046,-0.021,6,45,311715,191535,120180,1320,889,0.068,0.05,153,436,104730,130900,10870,10330,-0.04968,우진
250,2025-06-17,097800,-0.0,-0.0,-0.046,-0.037,0,71,431214,288862,124175,594,467,524,-0.008,0.093,-0.013,34,0,290095,118543,123638,260,213,0.1,0.07,14,699,93800,153000,552,531,-0.03804,윈팩
249,2025-06-17,032820,0.02,0.277,-0.017,0.24,648,3,217764509,100516630,113264265,145052,200323,3380,0.05,0.139,0.047,16,0,41964820,21846746,20118074,35388,42522,0.088,0.061,19,458,94030,132000,3730,3500,-0.06166,우리기술
248,2025-06-17,017510,0.0,0.04,-0.019,0.038,305,3,747785,331072,369541,2041,2967,7850,0.011,0.062,-0.0,20,2,835597,394397,441200,1883,2065,0.062,0.05,138,699,104000,153000,8160,8070,-0.01103,세명전기
247,2025-06-17,010280,0.025,0.299,0.013,0.22,102,0,26046119,15192140,10360412,28607,23316,1268,-0.017,0.098,-0.021,24,0,2048206,949725,1098481,1784,1810,0.1,0.07,20,80,94100,101100,1334,1240,-0.07046,아이티센엔텍
246,2025-06-17,002025,0.012,0.175,-0.003,0.122,452,27,110091,44765,50582,1075,1327,20050,0.259,0.259,0.1,0,50,90120,48718,37255,1145,845,0.078,0.054,195,429,110830,130530,24000,22650,-0.05625,코오롱우
245,2025-06-17,000155,-0.005,0.044,-0.018,0.017,160,1,72130,39770,30071,3099,3059,446500,0.027,0.03,-0.046,0,43,21268,15472,5796,1013,663,0.08,0.056,39,699,95030,153000,447000,439000,-0.0179,두산우
244,2025-06-16,462860,0.058,0.089,0.003,0.004,0,384,11751849,6354033,4835760,33421,34759,3650,0.037,0.114,0.036,31,0,6821563,2904567,3916996,9048,12125,0.075,0.053,10,122,93600,103200,3955,4255,0.07585,더즌
243,2025-06-16,458650,0.002,0.009,-0.04,-0.036,0,348,102045,82870,16823,1216,680,11530,0.069,0.123,0.059,23,1,294371,153171,141200,2454,2491,0.061,0.05,0,699,93100,153000,12680,12510,-0.01341,성우
242,2025-06-16,444530,0.003,0.004,-0.064,-0.064,4,760,183732,120198,55582,1521,855,11810,0.063,0.063,-0.012,0,43,47707,35230,12477,464,202,0.075,0.053,59,699,100030,153000,12220,12150,-0.00573,심플랫폼
241,2025-06-16,389470,0.008,0.034,-0.054,-0.037,19,538,515668,303144,207739,5333,4565,40900,0.012,0.034,-0.037,2,2,78968,45374,32054,984,779,0.074,0.052,46,699,95400,153000,41200,43500,0.05583,인벤티지랩
240,2025-06-16,347860,0.007,0.025,-0.047,-0.03,15,114,912592,581778,321207,1657,1312,1955,0.133,0.189,0.097,6,30,2452099,1302251,1077986,3426,3161,0.084,0.059,62,105,100200,102330,2260,2450,0.08407,알체라
239,2025-06-16,340930,0.0,0.0,-0.039,-0.036,0,589,205376,134651,68570,457,368,1440,-0.018,-0.018,-0.083,0,46,97952,50200,47752,199,106,0.07,0.05,260,699,114100,153000,1379,1377,-0.00145,유일에너테크
238,2025-06-16,335870,0.246,0.246,-0.086,-0.064,5,506,641600,382698,206112,1945,1774,2345,-0.011,0.036,-0.041,7,50,18102,13175,4927,69,44,0.08,0.056,73,699,100730,153000,2365,2465,0.04228,윙스풋
237,2025-06-16,304100,0.004,0.008,-0.088,-0.061,0,668,1653578,1044292,580066,13443,15131,47250,0.026,0.034,-0.034,0,46,301869,196552,105317,3899,2347,0.07,0.05,8,699,93500,153000,47650,48350,0.01469,솔트룩스
236,2025-06-16,300080,0.011,0.019,-0.026,-0.006,26,616,137877,75636,59503,1529,1009,26800,0.073,0.145,0.065,11,0,340108,164245,167504,3246,3153,0.075,0.053,100,699,102100,153000,29900,30500,0.02007,플리토
235,2025-06-16,377300,0.106,0.139,0.048,0.065,3,105,4840126,2576856,2172711,44391,45929,60400,0.008,0.039,-0.022,22,41,618730,318771,299959,5346,6185,0.062,0.05,407,699,125430,153000,61500,61400,-0.00163,카카오페이
234,2025-06-16,226950,0.011,0.012,-0.089,-0.073,1,624,695556,462062,217995,4868,4960,43550,-0.002,0.008,-0.054,1,50,110858,80333,30525,1117,772,0.066,0.05,309,403,120530,125230,42900,45750,0.06643,올릭스
233,2025-06-16,271980,-0.0,0.002,-0.035,-0.02,1,311,29943,20837,8771,463,493,13100,0.05,0.092,0.024,2,32,90206,53111,37095,921,711,0.066,0.05,26,699,94400,153000,13970,14130,0.01145,제일약품
232,2025-06-16,138610,0.141,0.196,0.046,0.068,21,720,2380398,1364974,985839,20820,19995,28100,0.027,0.041,-0.021,5,49,89124,61253,27871,1004,624,0.064,0.05,319,699,121030,153000,28600,28500,-0.0035,나이벡
231,2025-06-16,084440,0.006,0.016,-0.027,-0.016,359,143,55883,33421,21043,130,148,1188,0.053,0.096,0.002,11,37,136357,51086,85271,221,291,0.094,0.066,11,699,93630,153000,1259,1258,-0.00079,유비온
230,2025-06-16,060850,-0.004,0.005,-0.023,-0.021,159,374,27755,22767,4407,167,102,5510,0.005,0.084,0.005,25,0,40365,19398,20967,450,497,0.078,0.054,43,58,95230,100000,5810,6270,0.07917,영림원소프트랩
229,2025-06-16,060260,-0.0,-0.0,-0.064,-0.059,0,0,490539,325407,138910,1074,713,1759,0.039,0.043,-0.016,1,43,114512,78519,35993,214,108,0.06,0.05,70,699,100600,153000,1796,1799,0.00167,뉴보텍
228,2025-06-16,054180,0.005,0.015,-0.045,-0.015,0,368,3693058,2273685,1344962,637,1157,196,-0.025,0.046,-0.041,13,29,1334740,504308,830432,246,304,0.09,0.063,241,699,113130,153000,199,192,-0.03518,메디콕스
227,2025-06-16,011390,0.031,0.061,-0.045,-0.016,1,516,65727,39673,24352,2200,1510,112800,-0.015,0.002,-0.084,8,50,8379,5736,2643,391,206,0.094,0.066,168,699,105500,153000,109300,111700,0.02196,부산산업
226,2025-06-16,010580,0.065,0.258,-0.046,0.02,636,198,24238925,12861934,10238500,38981,39935,1671,0.071,0.131,0.034,24,42,1555812,901282,654530,6012,6134,0.094,0.066,150,699,104600,153000,1828,1725,-0.05635,에스엠벡셀
225,2025-06-16,043710,0.0,0.084,-0.008,0.072,617,2,135967,47811,78079,198,369,789,0.025,0.139,-0.01,38,19,353047,125040,164538,323,365,0.1,0.07,320,699,121100,153000,854,858,0.00468,서울리거
224,2025-06-16,031860,0.005,0.037,0.001,0.008,0,70,37177,31018,5897,143,79,1165,0.0,0.03,-0.055,24,15,32976,16769,16207,74,67,0.09,0.063,78,699,101000,153000,1163,1192,0.02494,디에이치엑스컴퍼니
223,2025-06-16,026040,0.035,0.13,-0.068,0.056,739,386,2070167,1025170,965814,4638,4968,3365,0.001,0.05,-0.04,7,44,307269,141251,148591,773,712,0.094,0.066,227,699,112430,153000,3420,3550,0.03801,제이에스티나
222,2025-06-16,003280,-0.001,0.298,-0.028,0.298,581,1,146467877,67291546,77275256,81257,103630,2200,0.05,0.055,-0.041,0,32,21642871,12288831,8943327,13025,12713,0.1,0.07,6,80,93400,101100,2240,2080,-0.07143,흥아해운
221,2025-06-16,000440,-0.045,0.3,-0.045,0.3,291,0,3665576,1687390,1948561,21779,24966,21800,0.19,0.197,0.041,0,28,500518,297788,202730,4994,3770,0.1,0.07,1,68,93130,100500,24800,23050,-0.07056,중앙에너비스
220,2025-06-16,000320,-0.002,-0.002,-0.069,-0.06,0,748,216249,131961,78844,1531,1456,21150,0.002,0.007,-0.054,0,15,148223,47311,48465,341,599,0.065,0.05,11,514,93630,134800,20850,22250,0.06715,노루홀딩스
219,2025-06-13,460870,0.016,0.025,-0.017,-0.009,78,687,356722,214159,133507,2166,2232,6390,0.016,0.019,-0.041,0,41,187815,49314,138501,501,467,0.062,0.05,148,699,104500,153000,6370,6610,0.03768,에스엠씨지
218,2025-06-13,405000,0.0,0.016,-0.011,-0.008,7,3,5518,4493,992,118,117,9420,0.018,0.018,-0.04,0,50,1871,1149,722,18,10,0.061,0.05,188,699,110500,153000,9390,9060,-0.03514,플라즈맵
217,2025-06-13,389470,0.007,0.009,-0.062,-0.049,24,223,501578,317506,178398,6176,5039,42450,0.0,0.034,-0.027,9,42,125596,68129,57467,1262,1193,0.063,0.05,1,97,93130,101930,42950,40750,-0.05122,인벤티지랩
216,2025-06-13,377030,-0.011,0.052,-0.046,-0.017,267,23,976703,548464,412777,2055,2154,4375,-0.006,0.007,-0.051,4,41,262381,197844,64537,315,258,0.061,0.05,4,699,93300,153000,4310,4415,0.02436,비트맥스
215,2025-06-13,301300,-0.002,-0.002,-0.035,-0.015,0,228,77590,56358,17231,463,301,5820,0.048,0.064,-0.046,2,34,77845,46227,30545,318,181,0.1,0.07,72,699,100700,153000,5950,5630,-0.05378,바이브컴퍼니
214,2025-06-13,226440,0.017,0.373,-0.119,-0.119,120,760,16561312,1536,29536,30,13,52,0.019,0.019,-0.058,0,50,746758,0,0,0,0,0.082,0.057,119,299,103030,120030,52,49,-0.05769,한송네오텍
213,2025-06-13,217820,0.006,0.009,-0.041,-0.035,0,754,337247,245094,87427,912,751,2620,0.069,0.124,0.006,9,17,422568,225825,182988,1093,1257,0.1,0.07,93,699,101730,153000,2825,2820,-0.00177,원익피앤이
212,2025-06-13,184230,0.016,0.117,-0.047,0.067,70,14,5710636,3195850,2344546,7577,7912,593,0.035,0.037,-0.054,0,37,573756,318293,248364,390,269,0.096,0.067,13,699,93730,153000,595,617,0.03697,SGA솔루션즈
211,2025-06-13,179530,0.011,0.299,-0.023,0.075,105,18,9781616,4535919,3072297,14609,14049,4510,0.052,0.061,-0.084,0,15,1024800,598672,344302,2429,2451,0.1,0.07,1,43,93130,95230,4530,4210,-0.07064,애드바이오텍
210,2025-06-13,214420,-0.001,0.001,-0.021,-0.014,27,163,409256,277088,124757,1797,1372,9670,0.017,0.018,-0.054,0,40,161313,105466,55847,752,505,0.075,0.053,17,699,93930,153000,9580,9520,-0.00626,토니모리
209,2025-06-13,214390,0.0,0.011,-0.005,-0.004,78,730,12190,8851,3085,78,93,5440,-0.05,-0.042,-0.096,0,18,94003,61003,33000,400,271,0.06,0.05,210,699,111600,153000,5110,5060,-0.00978,경보제약
208,2025-06-13,168330,0.04,0.21,0.022,0.1,300,660,778493,1981,725,9,11,5500,-0.011,0.02,-0.101,23,49,341408,206043,135365,1278,983,0.1,0.07,168,699,105500,153000,5360,5110,-0.04664,내츄럴엔도텍
207,2025-06-13,158430,-0.017,0.164,-0.017,0.049,480,0,18421118,9312084,8552098,55298,58852,8070,0.056,0.086,0.016,9,31,2024925,1136040,888885,5536,5145,0.068,0.05,4,111,93300,102630,8550,9140,0.06901,아톤
206,2025-06-13,136150,0.01,0.084,-0.002,0.057,643,10,468852,220352,244633,3815,3999,25900,0.089,0.11,0.046,2,39,326929,209646,117283,3282,2787,0.061,0.05,168,699,105500,153000,28150,27650,-0.01776,원일티엔아이
205,2025-06-13,124500,-0.031,0.128,-0.052,0.076,320,0,2546666,1263942,1199981,9863,10586,22750,0.007,0.011,-0.059,1,42,266579,177838,88741,1136,676,0.075,0.052,14,48,93800,95500,22400,21200,-0.05357,아이티센글로벌
204,2025-06-13,103140,-0.012,0.05,-0.023,0.04,523,0,1063750,479253,527180,14232,15755,87600,0.145,0.161,0.07,1,19,1195212,674502,520710,19567,17673,0.085,0.06,1,35,93130,94830,98700,107200,0.08612,풍산
203,2025-06-13,093240,-0.0,0.187,-0.0,0.131,227,0,6284476,2739504,3346177,6163,7449,2220,0.097,0.099,0.004,0,22,1297594,711397,586197,1581,1539,0.094,0.066,78,118,101000,103000,2360,2585,0.09534,형지엘리트
202,2025-06-13,089150,-0.013,0.073,-0.028,-0.013,475,12,2681030,1421884,1196275,7484,8960,4435,0.027,0.029,-0.041,0,48,302657,221560,81097,1669,1377,0.073,0.051,14,37,93800,94930,4450,4220,-0.05169,케이씨티
201,2025-06-13,082270,0.0,0.133,-0.007,0.131,517,0,927055,355445,505211,7958,12697,67300,0.028,0.031,-0.048,0,29,154161,90770,63391,1851,1613,0.083,0.058,66,699,100400,153000,67400,69800,0.03561,젬백스
200,2025-06-13,080530,0.0,0.015,-0.044,-0.018,428,154,215664,126679,87991,298,341,1518,0.027,0.027,-0.041,0,45,50832,29175,21657,99,38,0.071,0.05,16,699,93900,153000,1520,1475,-0.02961,코디
199,2025-06-13,065060,-0.021,-0.013,-0.09,-0.085,129,8,734150,436419,266386,2373,2402,1730,0.013,0.074,-0.021,6,47,100391,61186,39205,297,244,0.097,0.068,34,699,94800,153000,1795,1703,-0.05125,지엔코
198,2025-06-13,052790,-0.007,0.028,-0.016,-0.006,733,206,31820,11849,19254,169,222,6650,0.027,0.027,-0.036,0,37,11600,4543,7057,118,110,0.066,0.05,148,699,104500,153000,6680,6730,0.00749,액토즈소프트
197,2025-06-13,052400,-0.001,0.006,-0.052,-0.042,6,655,715789,498975,197550,8645,7693,68500,0.026,0.035,-0.026,3,27,210440,129544,80896,3051,2393,0.063,0.05,172,699,105700,153000,69400,69800,0.00576,코나아이
196,2025-06-13,010580,0.009,0.3,0.008,0.3,123,23,7186438,3840609,3216553,13718,16424,1638,0.045,0.096,0.002,6,39,2476256,1419907,1056349,5179,5412,0.093,0.065,521,541,135130,140130,1737,1900,0.09384,에스엠벡셀
195,2025-06-13,006980,0.0,0.014,-0.005,0.009,257,136,6511,2943,3520,102,96,18410,-0.002,-0.002,-0.06,0,17,976,673,64,53,9,0.062,0.05,21,699,94130,153000,17980,18030,0.00278,우성
194,2025-06-13,005810,-0.013,0.019,-0.029,0.014,535,0,141497,61929,66376,1715,2188,39750,0.084,0.121,0.026,2,19,171359,100911,70448,2116,1677,0.092,0.064,17,42,93930,95200,43100,47100,0.09281,풍산홀딩스
193,2025-06-13,004920,0.001,0.1,0.001,0.048,10,0,436452,245677,183473,801,843,1516,-0.003,0.009,-0.059,16,39,41759,27526,14233,163,120,0.072,0.051,6,323,93400,121230,1491,1416,-0.0503,씨아이테크
192,2025-06-13,003530,-0.004,0.223,-0.009,0.142,513,4,31248549,14672979,16199333,38807,55502,6350,-0.0,0.002,-0.055,0,41,2068946,1413625,655321,3070,2516,0.06,0.05,14,398,93800,125000,6230,5920,-0.04976,한화투자증권
191,2025-06-13,012700,-0.01,0.01,-0.038,-0.01,20,607,2570747,1468705,906866,5760,6068,6030,-0.015,-0.013,-0.07,0,29,384919,280171,104748,964,686,0.061,0.05,214,699,111800,153000,5830,5750,-0.01372,리드코프
190,2025-06-12,355150,-0.003,0.058,-0.029,0.054,747,1,244130,113692,123529,1041,1091,10650,0.013,0.039,-0.023,12,46,75593,52706,22887,406,318,0.063,0.05,151,692,104630,151700,10820,11520,0.0647,코스텍시스
189,2025-06-12,332570,0.013,0.298,0.004,0.298,748,1,17775119,9233706,8269193,21491,24739,3590,-0.004,0.096,-0.006,49,6,7964534,3571566,4147449,9804,11441,0.1,0.07,23,699,94230,153000,3795,3690,-0.02767,PS일렉트로닉스
188,2025-06-12,161000,0.008,0.02,-0.009,-0.004,13,157,616887,372711,227874,3342,2678,10690,0.004,0.064,-0.003,42,7,349822,140586,209236,1201,1478,0.067,0.05,15,699,93830,153000,11110,10800,-0.0279,애경케미칼
187,2025-06-12,114450,0.005,0.299,-0.01,0.299,700,7,8378137,4131478,4125546,18225,19916,4065,0.005,0.033,-0.058,9,28,1175562,740274,435288,2515,2323,0.097,0.068,325,699,121330,153000,4060,4000,-0.01478,그린생명과학
186,2025-06-12,097870,0.006,0.006,-0.014,-0.006,0,11,108733,47850,36345,277,284,6970,0.019,0.073,0.012,38,0,206241,85449,120792,527,676,0.061,0.05,13,699,93730,153000,7330,7110,-0.03001,효성오앤비
185,2025-06-12,097800,-0.002,0.11,-0.002,0.092,409,0,1666617,485305,1087015,759,1635,544,-0.004,0.064,-0.004,14,0,621822,379764,242058,394,464,0.068,0.05,426,699,130400,153000,566,551,-0.0265,윈팩
184,2025-06-12,070960,-0.005,-0.002,-0.022,-0.004,19,231,179141,120130,55066,1710,843,4790,0.125,0.171,0.088,33,11,1758426,915048,843378,3631,4105,0.077,0.054,6,699,93400,153000,5470,5240,-0.04205,모나용평
183,2025-06-12,052690,0.007,0.026,-0.009,0.016,690,6,1360603,685910,649702,9288,11781,71400,0.108,0.174,0.099,13,1,2497408,1205681,1291727,25123,26372,0.068,0.05,60,91,100100,101630,81900,87500,0.06838,한전기술
182,2025-06-12,083660,0.0,0.02,-0.057,0.001,491,133,240675,123231,112529,713,848,1129,-0.004,0.062,-0.013,18,19,30151,13933,16218,139,146,0.076,0.053,88,614,101500,143800,1167,1257,0.07712,CSA 코스믹
181,2025-06-12,025620,0.003,0.074,-0.018,0.053,700,387,145840,71274,72122,749,916,9020,-0.013,-0.004,-0.074,13,48,41100,31766,9334,216,136,0.075,0.053,545,699,140330,153000,8750,8600,-0.01714,제이준코스메틱
180,2025-06-12,045970,-0.003,0.007,-0.026,-0.0,478,12,69008,37607,30353,398,399,3690,0.024,0.103,0.02,44,0,68928,21360,47568,234,407,0.081,0.057,1,699,93130,153000,3955,3810,-0.03666,코아시아
179,2025-06-12,044490,0.002,0.09,-0.015,-0.007,35,524,1788345,1041464,692106,11713,11416,29100,0.077,0.131,0.06,8,4,830233,382054,448179,5937,6515,0.066,0.05,53,188,95730,110500,32150,34300,0.06687,태웅
178,2025-06-12,036000,-0.036,0.3,-0.038,0.23,671,0,5669954,2935705,2470174,10773,10884,4040,-0.022,0.045,-0.025,32,0,301322,154482,146840,807,821,0.071,0.05,61,699,100130,153000,4115,4130,0.00365,예림당
177,2025-06-12,033340,-0.012,0.058,-0.03,0.015,337,184,12947118,6418475,5413929,10713,11233,1209,0.227,0.233,0.132,0,15,14190439,7892909,6297530,10719,10664,0.08,0.056,12,463,93700,132230,1444,1363,-0.05609,좋은사람들
176,2025-06-12,026040,-0.012,0.014,-0.052,-0.028,331,42,994269,486653,333488,3174,3522,3185,0.141,0.148,0.077,0,3,1257810,652732,605078,2498,2417,0.066,0.05,12,35,93700,94830,3570,3390,-0.05042,제이에스티나
175,2025-06-12,019990,0.008,0.044,-0.003,0.037,132,10,360932,173605,168961,1164,1449,7330,0.042,0.146,0.041,17,0,1560838,747933,812905,5461,6253,0.1,0.07,78,154,101000,104800,8110,8930,0.10111,에너토크
174,2025-06-12,000440,-0.001,0.005,-0.001,0.0,1,332,4760,3167,1423,110,90,13370,0.148,0.215,0.142,5,0,224015,123688,100327,2893,2470,0.064,0.05,20,633,94100,144730,15880,16910,0.06486,중앙에너비스
173,2025-06-11,900120,0.0,0.172,0.0,0.052,546,0,37989025,17448399,19548046,19555,12074,61,0.049,0.18,0.033,34,0,10858074,4311449,6069554,2637,1275,0.1,0.07,0,665,93100,150330,69,64,-0.07246,씨엑스아이
172,2025-06-11,412350,0.016,0.041,0.003,0.021,39,0,74871,44208,30351,276,358,3460,0.061,0.064,0.003,0,44,54916,38727,16189,250,156,0.061,0.05,191,699,110630,153000,3600,3490,-0.03056,레이저쎌
171,2025-06-11,323230,-0.795,-0.795,-0.888,-0.882,0,660,21033258,81313,61676,12,21,19,-0.105,-0.105,-0.158,0,50,1612305,0,0,0,0,0.062,0.05,239,240,113030,113100,18,20,0.11111,엠에프엠코리아
170,2025-06-11,294570,-0.035,-0.02,-0.116,-0.081,1,188,926157,528673,350074,8822,8793,32900,-0.006,0.009,-0.053,2,17,131825,88380,43445,1464,1070,0.066,0.05,364,699,123300,153000,32450,32100,-0.01079,쿠콘
169,2025-06-11,290690,0.298,0.298,0.187,0.284,0,145,19572810,12739978,6681549,31322,25745,5540,0.108,0.152,0.043,2,40,2427982,1447744,980238,6155,6307,0.1,0.07,41,147,95130,104430,6160,5730,-0.06981,소룩스
168,2025-06-11,36328K,0.165,0.298,0.009,0.122,12,294,1615953,883956,666938,16776,17842,5980,-0.09,0.084,-0.122,15,2,213646,107454,99291,2565,3390,0.1,0.07,61,542,100130,140200,6000,5580,-0.07,티와이홀딩스우
167,2025-06-11,322000,-0.011,0.009,-0.036,-0.026,470,25,677416,379810,280967,7308,7039,47750,0.089,0.129,0.047,3,26,881255,456566,424689,7871,7311,0.078,0.055,54,125,95800,103330,52500,49600,-0.05524,HD현대에너지솔루션
166,2025-06-11,226440,-0.959,-0.959,-0.966,-0.966,0,60,25414224,4298,0,24,0,52,-0.096,-0.096,-0.173,0,50,1794218,0,0,0,0,0.093,0.065,239,299,113030,120030,46,51,0.1087,한송네오텍
165,2025-06-11,205500,-0.021,0.021,-0.076,-0.018,1,210,1893709,991861,837954,3188,3337,3350,0.03,0.095,-0.005,8,23,706542,356804,349738,1074,1196,0.1,0.07,7,699,93430,153000,3540,3550,0.00282,넥써쓰
164,2025-06-11,201490,-0.005,0.299,-0.005,0.299,120,0,15967532,8753264,7126929,16899,18424,2490,0.06,0.074,-0.0,2,10,3185031,1980139,1204892,3686,3821,0.074,0.052,50,699,95600,153000,2605,2535,-0.02687,미투온
163,2025-06-11,122690,0.004,0.038,0.004,0.038,467,0,89355,57830,29510,170,383,2455,0.157,0.157,0.008,0,10,50078,27462,14987,185,143,0.1,0.07,55,699,95830,153000,2700,2720,0.00741,서진오토모티브
162,2025-06-11,110020,-0.015,-0.015,-0.112,-0.096,0,563,259237,184136,72413,684,491,3810,-0.029,0.03,-0.03,21,0,20750,9881,10869,86,79,0.062,0.05,446,699,131400,153000,3840,3925,0.02214,전진바이오팜
161,2025-06-11,103140,0.021,0.167,0.017,0.167,760,0,2586700,1048675,1487044,34425,39616,77000,0.078,0.123,0.045,4,37,578767,348414,230353,8559,7692,0.075,0.052,629,699,144530,153000,84300,84200,-0.00119,풍산
160,2025-06-11,089150,0.017,0.034,-0.084,-0.052,0,23,2534395,1498722,913964,14347,14671,4355,-0.047,0.064,-0.048,22,0,1201252,631756,569496,2825,3113,0.1,0.07,20,125,94100,103330,4445,4890,0.10011,케이씨티
159,2025-06-11,019175,-0.057,0.054,-0.091,-0.085,285,34,193905,107934,71389,2484,2435,29000,0.026,0.212,0.0,28,1,105544,49148,52505,1213,1457,0.1,0.07,5,699,93330,153000,32750,34900,0.06565,신풍제약우
158,2025-06-11,065060,-0.001,0.097,-0.089,-0.089,8,760,2098153,1212823,845114,5371,5798,1694,0.145,0.145,0.012,0,47,635736,416558,219178,2546,2769,0.1,0.07,398,472,125000,132700,1853,2040,0.10092,지엔코
157,2025-06-11,053300,0.028,0.059,-0.074,-0.013,5,21,10492827,5075448,4306597,19824,22227,7700,-0.017,0.122,-0.018,24,0,5829970,2663003,2898894,13490,15537,0.1,0.07,20,119,94100,103030,8230,9060,0.10085,한국정보인증
156,2025-06-11,052400,-0.036,-0.027,-0.112,-0.047,0,26,2474735,1377334,1057150,28435,30769,71300,0.042,0.049,-0.038,1,16,373254,234309,138945,4848,4536,0.09,0.063,362,699,123200,153000,72500,71500,-0.01379,코나아이
155,2025-06-11,043200,0.006,0.034,0.006,0.006,120,0,1249551,1561,11694,3,12,1288,0.258,0.3,0.188,5,43,11641675,6850131,4791544,10495,10912,0.026,0.05,53,499,95730,134030,1619,1663,0.02718,파루
154,2025-06-11,039560,-0.01,0.017,-0.024,0.004,639,63,182984,99859,69120,424,421,2890,0.042,0.118,0.04,9,0,269641,131391,138250,872,915,0.075,0.052,196,699,110900,153000,3145,3095,-0.0159,다산네트웍스
153,2025-06-11,036120,-0.0,0.048,-0.012,0.022,122,38,795369,414297,349172,1067,1009,2550,0.071,0.104,0.01,0,50,767797,444502,323295,1456,1652,0.093,0.065,432,699,130700,153000,2725,2695,-0.01101,서울평가정보
152,2025-06-11,03481K,0.001,0.065,-0.03,-0.001,8,193,14756,8447,5940,266,293,7950,0.001,0.039,-0.02,2,30,2381,1187,1194,54,55,0.06,0.05,630,699,144600,153000,8090,8160,0.00865,해성산업1우
151,2025-06-11,019660,0.0,0.048,0.0,0.027,480,0,40453,18997,16461,204,161,2880,0.01,0.069,-0.028,11,22,19480,12129,7351,77,73,0.1,0.07,439,699,131030,153000,2975,3050,0.02521,글로본
150,2025-06-10,487570,0.005,0.062,0.005,0.062,760,1,125109,0,0,0,0,65600,0.114,0.152,-0.018,1,14,212803,131307,79888,4296,3298,0.1,0.07,192,473,110700,132730,71300,66300,-0.07013,HS효성
149,2025-06-10,462860,0.02,0.273,0.005,0.237,735,16,38327176,18046693,19280383,42861,52759,3395,0.0,0.013,-0.066,0,11,3462732,2229781,1232951,4328,4004,0.085,0.06,31,699,94630,153000,3340,3330,-0.00299,더즌
148,2025-06-10,373170,0.008,0.026,-0.003,0.023,344,75,15427,6621,7759,135,222,8930,-0.012,0.03,-0.037,18,15,2991,1860,880,44,31,0.07,0.05,623,699,144230,153000,8980,8790,-0.02116,엠아이큐브솔루션
147,2025-06-10,377300,0.076,0.299,0.058,0.299,125,0,3276130,1537314,1690785,29723,26923,49500,0.151,0.156,0.071,0,13,1962811,1095745,867066,21089,15501,0.079,0.055,8,699,93500,153000,55700,57400,0.03052,카카오페이
146,2025-06-10,36328K,0.012,0.3,0.012,0.3,157,0,608012,318905,265934,3899,4294,5330,0.278,0.298,0.169,2,50,307206,186461,120745,2565,2423,0.032,0.05,439,458,131030,132000,6660,6330,-0.04955,티와이홀딩스우
145,2025-06-10,363280,0.035,0.13,0.028,0.073,157,0,852507,415116,431938,2103,2521,3220,0.053,0.059,-0.003,2,19,155140,99718,55422,512,378,0.062,0.05,91,486,101630,133400,3335,3165,-0.05097,티와이홀딩스
144,2025-06-10,168330,0.012,0.299,-0.008,0.299,745,8,3186778,1467717,1601966,10567,13142,4300,0.042,0.042,-0.03,0,50,103605,0,0,0,0,0.074,0.052,179,699,110030,153000,4365,4275,-0.02062,내츄럴엔도텍
143,2025-06-10,18064K,-0.033,0.008,-0.099,-0.096,21,729,73893,48092,22048,1261,1019,42500,0.013,0.014,-0.052,2,18,12705,7628,5077,263,165,0.069,0.05,1,699,93130,153000,42050,42300,0.00595,한진칼우
142,2025-06-10,125020,0.005,0.019,-0.039,-0.016,5,103,1844639,1072613,696613,3710,4409,6230,0.096,0.122,0.042,2,49,2652846,1490447,1162399,7692,8121,0.077,0.054,312,699,120700,153000,6810,6650,-0.02349,티씨머티리얼즈
141,2025-06-10,094480,0.109,0.3,0.094,0.3,62,6,13307465,6195681,7025441,49915,46753,12150,0.021,0.021,-0.07,0,17,3326959,2038459,1273101,9225,10033,0.098,0.069,87,699,101430,153000,11990,12850,0.07173,갤럭시아머니트리
140,2025-06-10,084110,0.008,0.087,-0.036,0.043,639,104,131742,50335,80149,2034,1512,52800,0.002,0.023,-0.049,2,40,22091,12627,9464,425,314,0.076,0.053,8,699,93500,153000,52600,52800,0.0038,휴온스글로벌
139,2025-06-10,071460,-0.91,-0.884,-0.914,-0.904,120,300,21993151,66454,21770,11,23,59,-0.102,-0.102,-0.186,0,50,2013775,0,0,0,0,0.1,0.07,119,179,103030,110030,52,48,-0.07692,위니아
138,2025-06-10,066790,-0.0,0.03,-0.022,0.014,756,136,1376296,660453,505987,1699,1593,1349,0.09,0.182,0.089,16,0,4929109,2391861,2395538,4969,4971,0.086,0.06,14,174,93800,105800,1547,1454,-0.06012,씨씨에스
137,2025-06-10,065060,0.136,0.235,-0.111,-0.081,4,749,4039313,2350158,1446317,10693,11913,1860,0.072,0.081,0.008,0,47,576031,393332,182699,1493,1269,0.072,0.05,8,70,93500,100600,1959,1860,-0.05054,지엔코
136,2025-06-10,064260,0.196,0.299,0.191,0.299,8,1,30928496,15149624,15609397,45274,46979,4565,0.124,0.154,0.065,5,13,8882909,4814823,4068086,15017,14915,0.084,0.059,13,586,93730,142400,5120,5560,0.08594,다날
135,2025-06-10,060370,0.095,0.296,0.069,0.269,545,6,6166767,2938013,3134525,31550,37311,25950,0.195,0.196,0.056,0,27,1470131,888224,569124,10364,8791,0.1,0.07,57,699,95930,153000,29650,28500,-0.03879,LS마린솔루션
134,2025-06-10,058450,-0.009,0.007,-0.041,-0.039,2,425,39803,25902,10479,96,80,1082,0.063,0.079,0.017,9,31,15781,6611,9170,22,25,0.061,0.05,59,699,100030,153000,1142,1144,0.00175,한주에이알티
133,2025-06-10,053300,0.126,0.299,0.103,0.26,699,4,27001030,12841026,12991841,51995,62923,7800,-0.004,0.01,-0.074,1,11,2250010,1338980,826809,4941,4274,0.091,0.064,578,699,142000,153000,7630,7700,0.00917,한국정보인증
132,2025-06-10,046440,0.024,0.068,0.014,0.057,286,0,398098,188170,200286,1187,1304,4800,0.041,0.048,-0.031,0,15,135745,82757,52988,527,319,0.082,0.057,73,699,100730,153000,4885,4870,-0.00307,KG모빌리언스
131,2025-06-10,003535,0.043,0.144,0.043,0.137,60,0,64983,72,0,2,0,7950,0.018,0.048,-0.013,3,28,26286,17087,9199,158,158,0.061,0.05,11,699,93630,153000,8160,8310,0.01838,한화투자증권우
130,2025-06-10,021080,0.036,0.071,0.01,0.036,517,693,3129399,1575404,1479413,3874,4253,3000,-0.027,0.013,-0.052,0,21,232230,157898,74332,365,259,0.069,0.05,117,699,102930,153000,2965,3020,0.01855,에이티넘인베스트
129,2025-06-10,002220,-0.035,-0.02,-0.078,-0.056,0,301,534252,312206,189842,698,841,2550,0.035,0.098,0.024,15,50,280123,146444,120517,532,537,0.073,0.051,215,226,111830,112400,2730,2590,-0.05128,한일철강
128,2025-06-10,001290,-0.005,0.045,-0.005,0.009,180,0,1419996,253,1510,1,3,801,0.071,0.115,0.025,43,4,4081169,2189479,1891690,4637,4603,0.088,0.061,1,68,93130,100500,866,813,-0.0612,상상인증권
127,2025-06-09,950220,-0.014,0.028,-0.032,0.001,30,538,1431003,767316,610954,1629,1304,1181,0.036,0.071,0.01,5,41,970519,428612,541907,745,733,0.06,0.05,582,699,142200,153000,1238,1260,0.01777,네오이뮨텍
126,2025-06-09,452300,0.006,0.065,-0.017,0.035,155,3,954066,468000,467053,2123,2493,3355,0.13,0.177,0.073,0,15,1222038,656910,565128,2448,2170,0.097,0.068,18,699,94000,153000,3815,3850,0.00917,캡스톤파트너스
125,2025-06-09,435570,0.006,0.3,-0.026,0.3,627,10,4884529,2460814,2360377,34949,37156,17960,0.042,0.077,0.014,14,10,743958,404667,339291,8833,8291,0.062,0.05,5,291,93330,115630,18920,20100,0.06237,에르코스
124,2025-06-09,389260,-0.023,0.17,-0.029,0.143,579,4,3342801,1581706,1703877,24178,29469,27500,0.009,0.065,-0.0,7,1,267729,127444,140285,2248,2112,0.065,0.05,99,139,102030,104030,28650,30550,0.06632,대명에너지
123,2025-06-09,369370,0.054,0.287,-0.029,-0.013,15,753,4179095,2150112,1811941,14241,16530,1534,-0.01,-0.002,-0.065,9,32,94696,73183,21513,287,138,0.067,0.05,49,699,95530,153000,1495,1493,-0.00134,블리츠웨이엔터테인먼
122,2025-06-09,340810,0.122,0.3,0.089,0.168,29,5,8328777,4341345,3674189,28303,30314,6040,-0.018,0.022,-0.04,9,4,377540,210186,167354,1287,1009,0.064,0.05,3,191,93230,110630,6040,6440,0.06623,시선AI
121,2025-06-09,313760,-0.007,0.034,-0.032,-0.031,237,421,67449,41080,25348,337,220,4835,0.01,0.016,-0.046,0,45,17930,13062,4868,139,41,0.064,0.05,335,699,121830,153000,4800,4740,-0.0125,캐리
120,2025-06-09,193250,0.014,0.027,-0.02,0.008,214,12,767050,435386,307167,486,739,517,-0.01,0.079,-0.023,31,2,319601,103486,144873,168,148,0.1,0.07,125,699,103330,153000,538,559,0.03903,링크드
119,2025-06-09,159910,0.0,0.01,-0.02,0.002,18,94,163123,45977,115867,144,110,882,0.028,0.028,-0.058,0,29,10596,5801,2286,29,4,0.091,0.064,2,699,93200,153000,878,850,-0.03189,에코글로우
118,2025-06-09,110020,0.072,0.288,0.028,0.199,455,2,2450427,1229847,1118743,9778,10582,4095,0.041,0.059,-0.018,2,41,138864,86525,52339,1066,901,0.078,0.055,269,699,114530,153000,4215,4215,0.0,전진바이오팜
117,2025-06-09,106080,0.004,0.004,-0.093,-0.054,0,741,192949,122295,65861,412,427,2185,-0.005,0.108,-0.005,33,0,77946,42030,28834,195,188,0.1,0.07,1,668,93130,150500,2325,2160,-0.07097,케이이엠텍
116,2025-06-09,101140,0.0,0.095,-0.013,0.0,475,3,14787,9230,4899,290,243,11850,-0.051,-0.011,-0.11,9,49,8359,5855,2109,112,55,0.1,0.07,10,699,93600,153000,11270,11940,0.05945,인바이오젠
115,2025-06-09,019175,0.1,0.139,-0.013,0.047,8,505,244369,136790,94551,4813,4612,33100,-0.072,-0.047,-0.131,3,47,24577,17417,7160,376,307,0.097,0.068,96,374,101900,123800,30500,33500,0.09836,신풍제약우
114,2025-06-09,032940,0.081,0.131,-0.03,-0.0,5,274,10252519,5351587,3971996,27285,26635,6400,0.053,0.186,0.033,26,9,3356808,1724020,1524215,9741,10121,0.1,0.07,31,695,94630,151830,7220,6710,-0.07064,원익
113,2025-06-09,026040,-0.005,0.299,-0.014,0.299,75,4,1263680,805395,429616,2351,1853,2625,0.162,0.208,0.122,3,14,1413649,730607,634214,4602,5235,0.076,0.053,25,144,94330,104300,3085,2915,-0.05511,제이에스티나
112,2025-06-05,355150,0.002,0.08,-0.011,0.045,53,9,301412,171362,122822,1588,1397,9140,0.047,0.116,0.04,7,1,185575,85593,99982,753,1026,0.073,0.051,63,699,100230,153000,9940,9530,-0.04125,코스텍시스
111,2025-06-05,309930,0.0,0.093,-0.026,0.081,638,187,360360,164716,188580,787,805,3385,-0.015,-0.015,-0.114,0,27,139024,79587,54893,418,270,0.1,0.07,469,699,132530,153000,3205,3280,0.0234,오하임앤컴퍼니
110,2025-06-05,308100,0.12,0.15,-0.189,-0.15,5,207,2493309,1355351,1005441,7267,6726,3265,-0.038,0.051,-0.038,9,0,239767,115207,124560,612,612,0.092,0.065,88,699,101500,153000,3320,3260,-0.01807,형지글로벌
109,2025-06-05,204020,0.002,0.015,-0.022,-0.006,2,678,246206,124831,116942,246,541,2720,0.055,0.127,0.051,11,1,612464,253783,325339,1267,1707,0.072,0.05,143,699,104230,153000,2990,3015,0.00836,그리티
108,2025-06-05,110020,0.002,0.298,0.002,0.298,531,0,2344473,1155248,1129363,6966,8168,3415,0.129,0.201,0.091,6,19,540661,316019,198132,2217,1994,0.1,0.07,201,394,111130,124800,3955,4355,0.10114,전진바이오팜
107,2025-06-05,093240,0.05,0.113,-0.139,-0.059,0,216,3924844,2095305,1710312,5329,4922,1648,0.007,0.11,0.006,9,0,1058111,555319,446923,1639,1228,0.1,0.07,83,699,101230,153000,1764,1847,0.04705,형지엘리트
106,2025-06-05,083650,-0.017,0.033,-0.031,0.025,677,173,1346918,682869,637774,20539,10765,36800,0.026,0.034,-0.026,9,50,527772,397181,130591,6214,2558,0.061,0.05,228,699,112500,153000,37250,37550,0.00805,비에이치아이
105,2025-06-05,065500,0.06,0.071,-0.156,-0.119,0,34,11105168,5508310,5201666,19252,22008,5470,0.015,0.04,-0.038,15,50,1036532,566696,469836,2106,2564,0.082,0.057,121,699,103130,153000,5530,5370,-0.02893,오리엔트정공
104,2025-06-05,019175,-0.089,0.281,-0.18,0.125,92,28,382610,189758,160031,6374,6538,31600,0.122,0.125,0.014,0,48,49180,34052,15128,1506,1226,0.1,0.07,67,424,100430,130300,34200,31800,-0.07018,신풍제약우
103,2025-06-05,046210,-0.004,0.006,-0.041,-0.016,282,220,73571,31004,40829,346,303,2400,0.015,0.015,-0.05,0,18,27536,21933,3032,86,45,0.068,0.05,1,699,93130,153000,2380,2355,-0.0105,HLB파나진
102,2025-06-05,042940,0.078,0.114,-0.3,-0.246,1,262,14156870,7824951,5947504,63057,72844,13940,-0.07,0.029,-0.071,32,0,978310,510431,467879,5000,5732,0.1,0.07,52,699,95700,153000,13810,13150,-0.04779,상지건설
101,2025-06-05,032940,0.014,0.298,0.003,0.298,167,0,3987930,1931377,1769432,8217,7454,6400,0.042,0.078,0.011,5,46,2027944,1139147,888797,5672,5355,0.066,0.05,108,135,102500,103830,6740,6400,-0.05045,원익
100,2025-06-05,002630,0.064,0.064,-0.172,-0.136,0,299,17066829,8994786,7241682,11868,10742,966,0.0,0.034,-0.033,6,49,1475993,834639,641354,1071,1104,0.07,0.05,88,699,101500,153000,975,975,0.0,오리엔트바이오
99,2025-06-05,014970,0.06,0.166,-0.184,-0.018,4,225,5603615,3031089,2442398,31645,31460,7700,0.016,0.062,-0.012,10,46,354781,185893,168888,2774,3076,0.075,0.052,344,699,122300,153000,7970,7620,-0.04391,삼륭물산
98,2025-06-05,011080,0.091,0.149,-0.241,-0.185,0,297,14679710,8268803,5977346,16950,14946,1226,-0.046,0.046,-0.046,9,0,1499089,758792,740297,1278,1463,0.096,0.067,89,699,101530,153000,1239,1209,-0.02421,형지I&C
97,2025-06-05,000320,0.014,0.071,0.005,0.071,760,0,117411,34355,80448,1209,1523,18960,0.049,0.297,0.035,28,2,517621,292072,168664,4061,3494,0.08,0.056,467,634,132430,144800,22650,21350,-0.0574,노루홀딩스
96,2025-06-04,461300,0.041,0.148,0.025,0.074,474,14,513356,217710,289021,4534,5338,17030,0.035,0.091,0.029,34,0,74182,22622,51560,600,727,0.061,0.05,28,699,94500,153000,18180,18190,0.00055,아이스크림미디어
95,2025-06-04,448280,-0.0,0.14,-0.015,0.059,254,0,1964973,1010324,910505,12148,12294,10180,0.075,0.075,0.013,0,21,131857,83765,48092,861,579,0.061,0.05,41,699,95130,153000,10710,10840,0.01214,에코아이
94,2025-06-04,413640,0.026,0.078,-0.004,0.056,309,3,152363,67001,81537,1187,1561,14080,0.06,0.116,-0.018,1,34,110455,70846,33576,1022,558,0.1,0.07,178,500,110000,134100,14980,16490,0.1008,비아이매트릭스
93,2025-06-04,398120,-0.001,0.028,-0.006,-0.004,65,746,69393,48869,18543,231,237,3375,0.11,0.13,0.059,1,50,389819,224978,144036,1176,995,0.067,0.05,43,421,95230,130130,3725,3535,-0.05101,에스지헬스케어
92,2025-06-04,389260,0.009,0.073,-0.022,0.048,225,27,775337,351161,412219,5231,6481,23800,0.025,0.036,-0.029,0,35,192187,137203,54984,1762,1070,0.067,0.05,226,699,112400,153000,24100,24050,-0.00207,대명에너지
91,2025-06-04,355390,0.022,0.206,-0.015,0.171,382,5,2057799,1041796,942134,10270,11088,10080,0.046,0.051,-0.09,13,29,442210,245427,187935,1918,1715,0.1,0.07,19,699,94030,153000,10040,10310,0.02689,크라우드웍스
90,2025-06-04,304100,0.018,0.136,0.005,0.119,289,13,1877888,795692,1046941,14260,19738,34850,0.116,0.128,0.042,0,32,934052,578407,355645,9336,8329,0.083,0.058,9,196,93530,110900,38150,41350,0.08388,솔트룩스
89,2025-06-04,293580,0.001,0.093,-0.001,0.085,237,2,5528057,2562598,2815505,4838,7067,1519,0.013,0.032,-0.043,5,22,1072540,683108,389432,1153,1042,0.078,0.055,217,699,111930,153000,1525,1496,-0.01902,나우IB
88,2025-06-04,322000,-0.034,0.123,-0.06,0.082,213,12,3275316,1626335,1603838,31171,33520,52200,0.067,0.067,-0.012,0,49,559974,389207,170767,5884,4167,0.079,0.056,228,699,112500,153000,54200,52300,-0.03506,HD현대에너지솔루션
87,2025-06-04,239340,0.015,0.121,0.004,0.052,392,0,5317559,2787669,2384685,10905,12032,2525,0.028,0.036,-0.026,0,37,354441,240297,114144,645,625,0.063,0.05,2,192,93200,110700,2560,2725,0.06445,이스트에이드
86,2025-06-04,210120,0.009,0.052,0.003,0.014,182,116,327057,144826,167647,633,816,4845,0.011,0.042,-0.096,2,50,132136,87529,36141,295,227,0.1,0.07,537,699,135930,153000,4790,4805,0.00313,캔버스엔
85,2025-06-04,168330,0.0,0.3,0.0,0.199,140,0,5717288,2934395,2413391,10197,10759,2800,-0.032,0.004,-0.054,40,5,211461,112690,98771,676,666,0.06,0.05,16,699,93900,153000,2750,2720,-0.01091,내츄럴엔도텍
84,2025-06-04,145210,0.0,0.045,0.0,0.026,9,0,80153,23506,49586,119,157,1030,-0.039,0.019,-0.039,11,0,7901,6460,1330,23,7,0.061,0.05,6,699,93400,153000,1028,1034,0.00584,다이나믹디자인
83,2025-06-04,115530,-0.008,0.028,-0.026,-0.01,307,15,1042789,648950,379759,491,405,491,0.027,0.027,-0.061,0,6,304475,196485,107990,121,78,0.093,0.065,100,699,102100,153000,488,488,0.0,씨엔플러스
82,2025-06-04,113810,-0.0,0.012,-0.027,-0.003,159,31,548442,256403,270130,540,754,1173,-0.018,-0.004,-0.069,2,40,329814,214126,115688,398,451,0.07,0.05,588,699,142500,153000,1140,1136,-0.00351,디젠스
81,2025-06-04,110790,0.017,0.017,-0.007,-0.001,0,538,4238,2635,1438,256,60,4470,0.266,0.298,0.152,3,50,476782,250730,192845,2213,2442,0.037,0.05,18,54,94000,95800,5560,5280,-0.05036,크리스에프앤씨
80,2025-06-04,110020,-0.008,0.271,-0.015,0.096,638,0,1315560,684346,569939,4452,5135,2630,0.101,0.274,0.089,13,6,702945,335635,319563,1718,2078,0.074,0.052,206,287,111400,115430,3160,3395,0.07437,전진바이오팜
79,2025-06-04,093240,0.021,0.022,-0.076,-0.048,0,4,1640341,914640,642090,2949,2176,1752,-0.02,-0.02,-0.118,0,38,1249672,695437,511152,1434,1047,0.1,0.07,374,699,123800,153000,1651,1648,-0.00182,형지엘리트
78,2025-06-04,096250,0.01,0.078,-0.01,0.067,340,19,199927,62551,131687,1190,2054,13440,0.104,0.129,0.061,3,9,429609,216550,213059,3117,3240,0.065,0.05,101,213,102130,111730,14840,15810,0.06536,와이즈넛
77,2025-06-04,088340,0.013,0.299,0.009,0.299,670,1,3807890,1710790,1901912,24117,26808,24300,0.082,0.084,0.0,0,18,739375,432547,291145,5689,4852,0.084,0.059,2,56,93200,95900,25600,27800,0.08594,유라클
76,2025-06-04,030210,0.0,0.043,-0.004,0.003,346,11,150340,76047,72910,619,966,3590,0.018,0.086,0.014,2,6,80313,25973,54340,182,319,0.071,0.05,3,699,93230,153000,3800,3785,-0.00395,다올투자증권
75,2025-06-04,065500,-0.013,0.008,-0.088,-0.072,42,699,4551722,2239238,2067370,10258,12711,6210,-0.045,0.006,-0.156,2,24,3888713,1652238,2089667,5858,7484,0.1,0.07,47,109,95430,102530,5860,5450,-0.06997,오리엔트정공
74,2025-06-04,013580,-0.0,0.009,-0.056,-0.017,187,6,412386,221023,174509,1917,2257,20700,0.014,0.016,-0.066,0,17,260957,170860,90097,1467,1169,0.088,0.061,87,699,101430,153000,20400,19970,-0.02108,계룡건설
73,2025-06-04,053580,0.029,0.263,0.029,0.217,691,0,9249230,4509264,4472940,60546,67627,18160,0.05,0.066,-0.057,0,16,1542376,912376,584644,6605,6988,0.1,0.07,3,76,93230,100900,18490,20350,0.10059,웹케시
72,2025-06-04,053300,0.023,0.071,0.012,0.051,173,7,3516025,1619440,1746247,8276,9053,5960,0.032,0.042,-0.024,0,18,1029387,699919,329468,3087,2779,0.067,0.05,92,699,101700,153000,6070,6230,0.02636,한국정보인증
71,2025-06-04,052400,0.031,0.094,0.0,0.046,670,171,2034243,1071914,932922,16473,19381,45450,0.181,0.201,0.104,2,21,1086555,604117,482438,11179,11331,0.088,0.061,3,80,93230,101100,53000,57800,0.09057,코나아이
70,2025-06-04,010660,-0.004,0.05,-0.021,0.035,416,3,648716,299876,318736,1312,1972,5340,-0.082,-0.054,-0.177,4,46,506001,333244,148066,1041,501,0.1,0.07,65,699,100330,153000,4795,4645,-0.03128,화천기계
69,2025-06-04,045340,-0.002,0.0,-0.065,-0.032,0,17,162945,81584,73512,609,1122,5800,-0.045,-0.022,-0.084,1,9,103145,59545,41327,399,333,0.068,0.05,9,699,93530,153000,5540,5470,-0.01264,토탈소프트
68,2025-06-04,043200,-0.03,0.257,-0.041,0.146,108,4,28873554,15209689,12805230,31790,35036,1180,0.021,0.05,-0.02,5,49,2184742,1539994,610394,2006,1370,0.071,0.05,41,250,95130,113600,1208,1295,0.07202,파루
67,2025-06-04,037030,0.019,0.036,-0.01,0.019,14,78,783454,303813,221835,875,847,2655,0.041,0.092,0.025,4,9,649741,341815,307926,1289,2015,0.066,0.05,22,579,94200,142030,2835,2690,-0.05115,파워넷
66,2025-06-04,026040,0.0,0.035,-0.019,0.03,736,3,123259,51164,63166,244,374,1906,0.032,0.099,0.024,31,4,73463,31123,42340,223,331,0.074,0.052,25,699,94330,153000,2040,2020,-0.0098,제이에스티나
65,2025-06-04,014970,-0.013,0.12,-0.017,0.041,13,0,2322210,1234272,1004781,17757,19119,7840,0.08,0.101,-0.089,3,30,604122,355376,240755,4336,3613,0.1,0.07,321,335,121130,121830,8050,8870,0.10186,삼륭물산
64,2025-06-04,001000,0.0,0.007,-0.007,0.005,150,699,13137,6231,5984,73,88,1646,0.002,0.024,-0.058,2,9,10467,8576,1891,64,38,0.088,0.061,58,699,100000,153000,1634,1641,0.00428,신라섬유
63,2025-06-02,432430,0.011,0.011,-0.012,-0.0,0,178,51297,25187,23077,358,711,5680,0.081,0.136,0.06,37,0,368968,165605,203363,1228,1453,0.071,0.05,114,675,102800,150830,6290,5970,-0.05087,와이랩
62,2025-06-02,389650,0.004,0.015,-0.007,0.011,227,1,53245,30441,22302,887,1035,41750,0.018,0.129,0.016,22,1,242960,105218,137742,3074,3420,0.1,0.07,40,699,95100,153000,45300,45750,0.00993,넥스트바이오메디컬
61,2025-06-02,299660,-0.024,0.03,-0.052,-0.042,41,269,3267558,1983699,1199858,9940,10515,8520,0.001,0.002,-0.073,0,3,439095,271491,146889,1200,1102,0.081,0.057,0,699,93100,153000,8300,7850,-0.05422,셀리드
60,2025-06-02,236810,-0.01,0.019,-0.01,0.002,9,0,19692,11862,5441,121,96,2905,0.043,0.114,0.04,42,2,180907,49102,131805,356,662,0.071,0.05,236,263,112900,114230,3155,2995,-0.05071,엔비티
59,2025-06-02,222040,0.0,0.002,-0.027,-0.021,650,16,105203,40115,63513,351,508,5060,0.032,0.079,0.018,25,4,36163,16005,20158,96,155,0.06,0.05,14,164,93800,105300,5350,5680,0.06168,코스맥스엔비티
58,2025-06-02,124500,-0.008,-0.002,-0.078,-0.05,0,450,826399,518614,293432,3461,2389,11370,0.002,0.012,-0.046,3,50,118102,78379,39723,473,324,0.061,0.05,104,699,102300,153000,11270,11030,-0.0213,아이티센글로벌
57,2025-06-02,093240,0.028,0.034,-0.07,-0.063,14,652,1631458,1135960,450142,2597,1641,1841,-0.008,-0.003,-0.073,0,24,432330,262501,169829,748,527,0.075,0.052,84,699,101300,153000,1787,1752,-0.01959,형지엘리트
56,2025-06-02,090080,-0.009,-0.002,-0.072,-0.067,0,580,3199995,1904670,1155596,3743,3161,1215,0.018,0.043,-0.029,8,24,945726,607552,338174,1054,888,0.074,0.052,15,549,93830,140530,1234,1170,-0.05186,평화산업
55,2025-06-02,067080,0.035,0.05,-0.004,0.016,35,521,771009,449253,295095,5527,4840,16390,0.01,0.09,0.003,43,47,914372,399330,515042,4943,6035,0.087,0.061,3,309,93230,120530,17330,16270,-0.06117,대화제약
54,2025-06-02,020120,-0.007,0.0,-0.026,-0.021,621,504,153793,103840,46865,764,569,3330,0.036,0.096,0.031,15,24,304518,150366,154152,668,947,0.063,0.05,238,699,113000,153000,3570,3420,-0.04202,키다리스튜디오
53,2025-06-02,065500,0.025,0.034,-0.077,-0.077,0,758,3933252,2392773,1371647,9330,9744,6690,-0.039,0.008,-0.055,32,8,629622,265710,363912,1648,2494,0.066,0.05,13,611,93730,143630,6590,6260,-0.05008,오리엔트정공
52,2025-06-02,004920,0.011,0.011,-0.022,-0.013,0,737,96531,67209,25585,153,129,1115,0.005,0.088,0.005,11,0,83062,27115,51165,87,138,0.082,0.057,12,699,93700,153000,1178,1178,0.0,씨아이테크
51,2025-06-02,014970,-0.021,0.219,-0.048,-0.003,26,677,8564233,4394955,3789265,42503,45207,7530,0.061,0.12,0.021,3,49,624613,349207,275406,4313,4109,0.096,0.067,137,699,103930,153000,8150,7840,-0.03804,삼륭물산
50,2025-06-02,011080,0.033,0.035,-0.073,-0.072,0,756,3742576,2353125,1226556,5346,4458,1671,-0.035,-0.024,-0.08,32,9,898514,504119,394395,1269,1107,0.061,0.05,21,588,94130,142500,1595,1515,-0.05016,형지I&C
49,2025-05-30,418620,0.011,0.135,-0.021,0.081,555,237,471666,221188,229403,1516,1820,3810,-0.021,0.012,-0.054,16,33,39193,24011,15182,184,186,0.069,0.05,24,699,94300,153000,3760,3745,-0.00399,E8
48,2025-05-30,307750,-0.008,0.3,-0.028,0.186,733,198,12669208,6576707,5903918,37663,42243,4295,0.164,0.22,0.129,26,5,4285306,2342297,1943009,12453,14860,0.08,0.056,12,105,93700,102330,5100,4810,-0.05686,국전약품
47,2025-05-30,322000,0.02,0.042,0.001,0.037,465,8,592061,302483,280714,6385,5263,40700,0.118,0.169,0.086,21,14,1250280,679530,570750,14057,14944,0.077,0.054,507,699,134430,153000,46300,48250,0.04212,HD현대에너지솔루션
46,2025-05-30,246960,0.0,0.012,-0.01,-0.005,236,191,2801,1389,1407,28,27,7990,0.299,0.299,0.13,25,37,806572,605121,201451,3711,2980,0.045,0.05,7,84,93430,101300,9860,9370,-0.0497,SCL사이언스
45,2025-05-30,114450,-0.042,0.229,-0.094,0.047,531,229,19885814,10649316,8726939,30656,32894,3860,-0.036,0.166,-0.05,34,5,4562285,2367075,2090508,7861,8720,0.1,0.07,126,396,103400,124900,4175,3880,-0.07066,그린생명과학
44,2025-05-30,080530,0.0,0.167,0.0,0.102,675,0,1352497,565984,710289,2815,3989,1429,0.008,0.064,-0.02,33,34,94660,53596,41064,429,456,0.085,0.059,19,490,94030,133600,1475,1601,0.08542,코디
43,2025-05-30,072770,0.004,0.117,-0.039,0.087,134,4,4758268,2239034,2408507,3225,3888,735,-0.0,0.094,-0.0,15,0,1762197,1018950,743247,1616,1706,0.094,0.066,84,699,101300,153000,778,730,-0.0617,율호
42,2025-05-30,067290,0.04,0.093,0.0,0.006,0,544,2188368,1269038,815334,4683,4241,1685,-0.008,0.079,-0.021,39,0,1016831,462534,554297,1483,1832,0.1,0.07,37,699,94930,153000,1754,1715,-0.02223,JW신약
41,2025-05-30,054180,-0.0,0.043,-0.102,-0.067,2,277,24577322,13420770,9355465,25596,34780,237,-0.097,0.013,-0.101,32,0,7267718,3601271,3068620,4424,4207,0.1,0.07,9,699,93530,153000,230,219,-0.04783,메디콕스
40,2025-05-30,009810,0.017,0.298,-0.007,0.298,199,40,25111942,12092389,12440630,17284,22979,392,-0.005,0.025,-0.056,4,25,3290164,2140874,1108467,1533,1395,0.086,0.061,55,143,95830,104230,391,367,-0.06138,플레이그램
39,2025-05-30,036630,0.028,0.242,-0.03,0.043,314,70,2623966,1381407,1199298,15325,16645,5520,0.016,0.11,-0.004,43,2,296668,132111,146905,1057,1306,0.1,0.07,5,557,93330,140930,5890,6490,0.10187,세종텔레콤
38,2025-05-30,00499K,0.0,0.298,0.0,0.298,726,0,68775,28098,38060,1016,1750,37200,0.051,0.09,0.005,4,48,29149,16097,10741,646,909,0.084,0.059,229,699,112530,153000,39350,40100,0.01906,롯데지주우
37,2025-05-30,032940,0.015,0.142,-0.009,0.132,598,12,2033860,831320,1130835,4015,4831,4620,0.062,0.1,0.011,7,32,581906,369338,212568,1565,1227,0.088,0.061,12,421,93700,130130,4925,4620,-0.06193,원익
36,2025-05-30,003090,0.005,0.3,-0.005,0.3,752,18,1167162,534479,600201,9962,11239,25050,0.002,0.002,-0.056,0,18,198037,122319,75718,2207,1252,0.061,0.05,22,37,94200,94930,24550,26100,0.06314,대웅
35,2025-05-30,014970,0.179,0.299,0.16,0.299,17,7,1788046,1094976,395735,4014,2771,7550,0.101,0.219,0.086,16,0,3504959,1790525,1654538,15116,15503,0.1,0.07,3,123,93230,103230,8820,8200,-0.07029,삼륭물산
34,2025-05-30,010170,0.01,0.133,0.01,0.107,479,0,3259199,1310405,1773306,1637,2513,673,0.046,0.058,-0.01,0,35,290775,194054,96721,302,268,0.069,0.05,2,699,93200,153000,695,734,0.05612,대한광통신
33,2025-05-30,001290,0.002,0.3,-0.025,0.3,173,47,16019980,9211799,6609614,9210,11317,685,0.131,0.299,0.117,24,7,15055269,7428907,7441284,7338,9319,0.05,0.05,18,99,94000,102030,842,800,-0.04988,상상인증권
32,2025-05-29,365900,0.0,0.069,0.0,0.006,285,0,19696,5122,13921,53,59,3370,0.0,0.077,0.0,10,0,4242,2162,1824,25,36,0.077,0.054,50,699,95600,153000,3530,3460,-0.01983,브이씨
31,2025-05-29,351320,0.002,0.087,-0.014,0.043,597,5,341910,158891,177110,464,572,2680,-0.017,-0.013,-0.136,0,44,164287,99256,55087,231,221,0.1,0.07,35,456,94830,131900,2520,2340,-0.07143,넥사다이내믹스
30,2025-05-29,317120,-0.063,-0.015,-0.105,-0.082,39,172,2173473,1166769,741657,4682,4494,2790,0.036,0.07,-0.047,2,32,372673,223278,149395,1198,989,0.1,0.07,353,420,122730,130100,2860,2655,-0.07168,라닉스
29,2025-05-29,012170,-0.008,0.001,-0.041,-0.041,10,760,68078,48703,16808,282,255,4195,-0.013,0.039,-0.023,29,0,5166,2375,2791,35,52,0.063,0.05,137,699,103930,153000,4265,4190,-0.01758,아센디오
28,2025-05-29,053350,0.0,0.129,0.0,0.093,416,0,350463,111744,229843,1170,1668,9730,-0.003,0.007,-0.07,1,39,45933,27412,18521,290,176,0.083,0.058,227,699,112430,153000,9520,9430,-0.00945,이니텍
27,2025-05-29,037230,0.0,0.006,-0.016,-0.01,9,52,79932,36673,26328,172,148,1917,0.026,0.119,0.026,7,0,726819,367344,359475,1407,1677,0.09,0.063,11,699,93630,153000,2080,2035,-0.02163,한국팩키지
26,2025-05-29,027040,0.0,0.239,-0.01,0.107,195,66,3431982,1528728,1737262,908,2476,227,0.026,0.044,-0.018,2,34,154750,107052,41375,79,200,0.063,0.05,531,699,135630,153000,233,227,-0.02575,서울전자통신
25,2025-05-29,019570,0.099,0.207,-0.017,-0.017,25,758,46727662,25596362,19123408,25094,30525,347,0.02,0.035,-0.052,1,23,1274044,829983,444061,458,386,0.091,0.064,125,142,103330,104200,348,381,0.09483,플루토스
24,2025-05-29,001390,0.003,0.132,0.003,0.126,744,0,1642919,586485,957036,2762,3847,4250,-0.019,0.027,-0.032,27,5,263844,130481,133363,648,650,0.061,0.05,7,699,93430,153000,4270,4375,0.02459,KG케미칼
23,2025-05-29,001290,0.0,0.299,0.0,0.133,164,0,12241286,6703962,5364587,17270,18592,527,0.061,0.068,-0.025,0,37,649598,431719,217879,603,577,0.095,0.067,68,73,100500,100730,545,598,0.09725,상상인증권
22,2025-05-28,457550,-0.022,0.009,-0.043,-0.002,125,15,538311,287159,239050,4089,4219,22250,0.02,0.025,-0.04,4,48,176743,129762,46981,1089,844,0.068,0.05,114,533,102800,135730,22250,21100,-0.05169,우진엔텍
21,2025-05-28,389260,0.009,0.049,-0.002,0.002,107,756,273115,154559,114572,2305,2237,21550,-0.012,0.009,-0.051,0,27,74824,49349,25475,726,420,0.064,0.05,366,699,123400,153000,21300,21150,-0.00704,대명에너지
20,2025-05-28,331920,0.012,0.088,-0.009,0.062,235,13,99573,43739,51767,421,542,3495,0.001,0.003,-0.056,4,36,18112,15487,2625,104,63,0.062,0.05,611,699,143630,153000,3430,3360,-0.02041,셀레믹스
19,2025-05-28,299660,-0.003,0.299,-0.165,0.299,753,414,10677638,5043737,4560842,24111,23905,8350,0.068,0.098,-0.024,0,46,2304697,1446004,858693,7574,6260,0.1,0.07,230,448,112600,131500,8780,9670,0.10137,셀리드
18,2025-05-28,240550,0.006,0.044,-0.046,-0.04,56,724,1475817,885657,550591,6981,6244,11030,0.014,0.085,0.008,17,49,925773,424255,501518,3733,4241,0.076,0.054,202,699,111200,153000,11650,11320,-0.02833,동방메디컬
17,2025-05-28,219750,-0.019,-0.019,-0.215,-0.159,0,70,3616953,2184748,1305777,4930,4447,1384,-0.017,0.019,-0.053,30,47,337374,168845,168529,1095,1514,0.076,0.053,61,699,100130,153000,1372,1340,-0.02332,한국비티비
16,2025-05-28,137940,-0.009,0.084,-0.075,-0.046,402,19,19112858,10533586,8162019,7515,10542,522,-0.084,-0.067,-0.126,1,39,3044065,1770392,1273673,934,974,0.068,0.05,3,699,93230,153000,476,467,-0.01891,넥스트아이
15,2025-05-28,125020,0.004,0.3,-0.025,0.3,604,5,18976895,9608348,9145690,41496,44315,7150,0.05,0.066,-0.0,3,29,3229888,2027882,1202006,11884,8365,0.066,0.05,269,459,114530,132030,7450,7080,-0.04966,티씨머티리얼즈
14,2025-05-28,115530,-0.028,0.004,-0.034,-0.009,87,2,675104,391805,263451,293,261,464,0.006,0.095,-0.0,29,50,301832,123632,178200,188,189,0.095,0.066,496,699,133900,153000,492,485,-0.01423,씨엔플러스
13,2025-05-28,18064K,-0.023,0.107,-0.08,0.024,253,30,305860,171646,126565,6542,6285,44100,0.0,0.063,-0.002,8,0,33212,17248,15964,1467,1460,0.066,0.05,18,35,94000,94830,45800,48850,0.06659,한진칼우
12,2025-05-28,101730,-0.007,0.023,-0.012,-0.003,0,75,34435,16986,13000,225,334,5950,0.064,0.151,0.054,16,1,256580,118812,133770,1219,1598,0.093,0.065,58,699,100000,153000,6630,6570,-0.00905,위메이드맥스
11,2025-05-28,090080,0.001,0.013,-0.08,-0.076,170,715,5895262,3351707,2358759,6337,6384,1458,-0.005,-0.005,-0.066,0,12,963955,592213,371742,1233,736,0.066,0.05,42,477,95200,132930,1417,1346,-0.05011,평화산업
10,2025-05-28,083660,-0.0,-0.0,-0.062,-0.032,0,318,178842,105325,72251,199,304,815,0.01,0.104,0.01,31,0,120868,34368,68182,122,224,0.094,0.065,13,219,93730,112030,871,954,0.09529,CSA 코스믹
9,2025-05-28,069540,0.0,0.297,-0.003,0.049,729,1,12709434,6259934,5324613,11775,12129,965,0.3,0.3,0.222,19,25,10010271,7431917,2578354,7391,5121,0.015,0.05,558,570,141000,141600,1226,1246,0.01631,빛과전자
8,2025-05-28,066910,0.037,0.037,-0.049,-0.02,0,598,414470,343499,65640,403,257,804,0.003,0.003,-0.099,0,34,207239,131930,65122,212,158,0.1,0.07,84,554,101300,140800,775,854,0.10194,손오공
7,2025-05-28,066790,-0.007,0.248,-0.015,0.154,251,9,25746265,13628054,11518833,30632,33555,1575,0.063,0.072,0.001,1,47,2459615,1601834,857781,4243,4033,0.072,0.05,219,565,112030,141330,1646,1563,-0.05043,씨씨에스
6,2025-05-28,056730,0.151,0.266,0.051,0.068,8,744,7284026,3999388,3060487,19145,19826,875,-0.054,-0.029,-0.085,25,5,201767,116988,84779,271,181,0.061,0.05,15,699,93830,153000,832,828,-0.00481,CNT85
5,2025-05-28,010770,0.009,0.033,-0.117,-0.103,225,651,3851213,2131570,1591421,11936,13661,8940,-0.024,-0.01,-0.092,0,48,566893,304677,262216,1921,1530,0.09,0.063,32,445,94700,131330,8580,8040,-0.06294,평화홀딩스
4,2025-05-28,037370,0.016,0.017,-0.017,-0.003,1,756,13869,10375,2523,87,67,5790,0.052,0.105,0.021,27,11,60081,28228,31853,310,393,0.083,0.058,21,699,94130,153000,6220,6140,-0.01286,EG
3,2025-05-28,037030,0.0,0.0,-0.017,-0.002,0,238,45154,25481,14855,134,155,2335,0.15,0.233,0.146,6,27,3178659,1625586,1407958,5920,6282,0.074,0.052,12,146,93700,104400,2805,2655,-0.05348,파워넷
2,2025-05-28,036630,-0.001,0.299,-0.02,0.299,520,8,2219346,1063000,1131110,6015,6480,5840,-0.055,0.134,-0.058,9,0,911390,416117,446763,3747,4455,0.1,0.07,4,110,93300,102600,6190,5760,-0.06947,세종텔레콤
1,2025-05-28,021880,-0.004,0.152,-0.016,0.024,149,107,36110944,19957002,15569015,18357,20190,505,0.012,0.071,0.01,12,0,2802505,1441805,1360700,2349,2381,0.061,0.05,120,699,103100,153000,530,522,-0.01509,메이슨캐피탈
0,2025-05-27,011080,-0.022,0.037,-0.07,-0.07,2,745,4454652,2840176,1364360,7874,5272,1780,0.118,0.146,0.051,0,24,3391143,2058240,1332903,4491,3904,0.09,0.063,457,672,131930,150700,1975,1850,-0.06329,형지I&C
