,date,shcode,doYD,dhYD,dlYD,dCYD,ihYD,ilYD,volYD,mdvYD,msvYD,mdcYD,mscYD,closeYD,doTD,dhTDbf,dlTDbf,volTDbf,gcut,lcut,iBID,iASK,tBID,tASK,prcBID,prcASK,profit,hname
347,2025-01-24,331520,0.095,0.3,0.092,0.3,45,0,25087250,13267380,11436154,9804,11287,833,0.19,0.199,0.055,17629333,0.065,0.065,65,286,93300,112330,1009,942,-0.0664,밸로프
346,2025-01-24,083650,-0.007,0.012,-0.034,-0.002,619,127,2634370,1431246,1065560,13690,14365,20850,0.053,0.11,0.024,3132558,0.084,0.08,68,760,93430,153000,23400,23500,0.00427,비에이치아이
345,2025-01-24,065500,-0.016,0.036,-0.049,-0.049,265,760,3437369,1819608,1455002,6185,7002,4180,0.086,0.13,0.03,3485804,0.098,0.08,161,457,102100,124900,4770,5240,0.09853,오리엔트정공
344,2025-01-24,062970,-0.041,-0.004,-0.057,-0.051,79,480,5547777,3317871,1966207,16420,19803,6860,-0.034,-0.025,-0.108,2087023,0.093,0.08,137,760,100900,153000,6760,6400,-0.05325,한국첨단소재
343,2025-01-24,011080,-0.004,0.05,-0.036,-0.031,268,40,2786077,1507471,1225377,2051,2656,975,0.046,0.072,-0.014,1095596,0.087,0.08,174,481,102730,130100,1055,1148,0.08815,형지I&C
342,2025-01-24,006050,0.015,0.015,-0.069,-0.036,0,25,1107626,616157,425504,1259,1145,1709,0.027,0.111,0.013,2220719,0.097,0.08,81,760,94100,153000,1918,1870,-0.02503,국영지앤엠
341,2025-01-24,002630,-0.014,0.02,-0.058,-0.053,265,748,7349085,4261647,2927351,5136,6178,1272,0.05,0.09,0.001,3484825,0.089,0.08,173,476,102700,125830,1400,1526,0.09,오리엔트바이오
340,2025-01-23,432720,0.005,0.012,-0.015,0.007,754,167,588068,322394,227859,3103,3603,12060,0.021,0.099,-0.009,1462657,0.109,0.08,70,319,93530,114000,13380,14850,0.10987,퀄리타스반도체
339,2025-01-23,123010,0.151,0.3,0.07,0.3,743,424,14112571,6705246,7142049,14765,18804,1626,-0.028,0.058,-0.041,5013085,0.103,0.08,77,98,93900,94930,1737,1917,0.10363,아이윈플러스
338,2025-01-23,080220,-0.009,0.033,-0.029,0.014,382,105,7018034,3705652,3019239,22516,23631,13070,0.01,0.139,0.0,10768666,0.121,0.08,62,662,93130,143130,15040,13820,-0.08112,제주반도체
337,2025-01-23,069540,0.0,0.3,0.0,0.3,87,0,13310597,7619225,5254595,10302,15631,1219,0.086,0.086,-0.052,4425199,0.145,0.08,101,149,95100,101500,1337,1533,0.1466,빛과전자
336,2025-01-23,025750,-0.03,-0.02,-0.085,-0.07,2,137,3501993,2254067,1118790,2725,3487,958,0.014,0.096,0.008,1402478,0.087,0.08,162,350,102130,115530,1060,1153,0.08774,한솔홈데코
335,2025-01-23,014160,-0.012,0.064,-0.028,0.0,266,51,11682155,6117958,5271787,12202,14414,1730,0.03,0.121,0.01,10077027,0.109,0.08,367,462,120400,125130,1958,2170,0.10827,대영포장
334,2025-01-22,474170,0.148,0.179,0.029,0.041,14,705,3005646,1710270,1126242,14093,12759,9850,0.031,0.107,0.024,1018221,0.08,0.08,72,228,93630,105430,11010,11900,0.08084,루미르
333,2025-01-22,119850,0.017,0.197,-0.006,0.056,202,424,8542018,4652374,3748371,32653,32177,10150,0.014,0.163,0.008,2338077,0.098,0.08,101,201,95100,104100,11920,13110,0.09983,지엔씨에너지
332,2025-01-22,096350,0.0,0.288,0.0,0.18,464,0,42933662,20425624,21582086,20926,33606,373,-0.008,0.134,-0.011,9425028,0.127,0.08,90,708,94530,145430,427,392,-0.08197,대창솔루션
331,2025-01-22,083650,0.007,0.067,-0.01,0.05,198,2,2684290,1304900,1300536,13106,14481,18440,0.027,0.163,0.02,5711892,0.096,0.08,87,760,94400,153000,21700,20900,-0.03687,비에이치아이
330,2025-01-22,036000,0.245,0.299,0.099,0.169,5,74,13818127,8002821,5311744,24884,26344,2600,-0.021,0.037,-0.058,1645915,0.1,0.08,65,760,93300,153000,2720,2615,-0.0386,예림당
329,2025-01-22,004870,0.264,0.299,0.169,0.299,4,46,63314743,36847317,25566032,27538,28096,1017,0.008,0.169,-0.031,28689524,0.092,0.08,65,403,93300,122200,1201,1313,0.09326,티웨이홀딩스
328,2025-01-21,002630,0.035,0.124,-0.002,-0.001,4,130,13249029,7443583,5465995,10501,10339,1329,0.033,0.033,-0.047,2019164,0.085,0.08,665,760,143300,153000,1387,1387,0.0,오리엔트바이오
327,2025-01-20,376930,-0.013,-0.009,-0.039,-0.024,0,26,964181,597746,329694,1265,1578,3100,0.005,0.139,0.005,3150567,0.12,0.08,140,760,101030,153000,3570,3490,-0.02241,노을
326,2025-01-20,062970,0.024,0.114,-0.055,-0.01,19,446,24956671,13929420,10609001,52146,62898,7020,-0.046,0.024,-0.1,4107696,0.138,0.08,61,760,93100,153000,7260,7140,-0.01653,한국첨단소재
325,2025-01-20,092790,-0.007,0.091,-0.015,0.09,752,2,1340232,504116,794027,3027,6236,8830,0.025,0.151,0.025,1870429,0.11,0.08,67,246,93400,110330,10260,9430,-0.0809,넥스틸
324,2025-01-17,417200,0.007,0.026,0.007,0.016,123,0,180469,73311,100789,912,1245,12370,0.011,0.17,0.007,1096046,0.092,0.08,89,113,94500,95700,14610,15970,0.09309,LS머트리얼즈
323,2025-01-17,106240,0.009,0.096,-0.077,-0.042,42,8,11244605,6138856,4669213,19621,19533,1783,0.002,0.102,0.001,1907089,0.1,0.08,252,492,110630,130630,1984,2180,0.09879,파인테크닉스
322,2025-01-16,430690,0.014,0.049,-0.027,-0.012,152,101,444846,262006,166733,1564,1747,5090,0.029,0.132,0.016,1658913,0.114,0.08,83,677,94200,143900,5820,6490,0.11512,한싹
321,2025-01-16,366030,-0.004,0.3,-0.028,0.3,688,418,8483892,4477349,3846905,20070,20563,4880,0.017,0.119,0.004,5057101,0.114,0.08,62,264,93130,111230,5510,5060,-0.08167,공구우먼
320,2025-01-16,219550,0.021,0.021,-0.106,-0.063,0,152,3019155,1747443,1181566,1285,1229,576,0.002,0.148,0.002,1026201,0.112,0.08,60,471,93030,125600,668,614,-0.08084,디와이디
319,2025-01-16,199480,0.01,0.271,-0.037,0.222,748,695,3455125,1448880,1542893,8652,9644,7040,-0.064,0.016,-0.075,1627642,0.098,0.08,131,760,100600,153000,7220,6760,-0.06371,뱅크웨어글로벌
318,2025-01-16,113810,0.02,0.095,-0.2,-0.196,1,759,5109794,3137163,1736998,5204,4731,1463,-0.005,0.049,-0.04,1035156,0.093,0.08,141,386,101100,121330,1550,1424,-0.08129,디젠스
317,2025-01-16,038880,0.009,0.205,0.0,0.051,41,1,23239266,12635568,10187146,11105,17612,246,-0.004,0.069,-0.024,2844883,0.096,0.08,111,760,95600,153000,266,258,-0.03008,아이에이
316,2025-01-16,450140,0.007,0.298,-0.031,0.298,738,681,5277258,2460784,2284172,5387,5131,2960,-0.024,0.193,-0.051,10022222,0.07,0.07,130,275,100530,111800,3570,3320,-0.07003,코오롱모빌리티그룹
315,2025-01-16,012170,-0.083,-0.025,-0.155,-0.025,742,122,17568272,7802173,8612771,4567,14421,271,0.007,0.059,-0.037,1909866,0.1,0.08,68,76,93430,93830,290,319,0.1,아센디오
314,2025-01-15,123010,-0.07,0.019,-0.104,-0.039,520,118,3459819,1711472,1611509,2374,3810,1046,0.08,0.12,0.032,2751090,0.085,0.08,414,630,122730,141530,1184,1286,0.08615,아이윈플러스
313,2025-01-15,086960,-0.005,0.003,-0.025,-0.025,300,760,2274684,11813,3309,7,14,1342,0.013,0.124,0.011,14124868,0.111,0.08,102,760,95130,153000,1523,1430,-0.06106,MDS테크
312,2025-01-15,062970,-0.294,-0.193,-0.3,-0.3,43,210,23135163,10638034,9000279,26521,37415,4460,0.074,0.2,0.054,13374189,0.065,0.065,392,622,121630,141130,5400,5760,0.06667,한국첨단소재
311,2025-01-15,056360,-0.05,-0.02,-0.061,-0.043,7,34,506927,258557,180663,1547,1608,5800,0.06,0.159,0.04,1398692,0.102,0.08,127,560,100400,134030,6790,6240,-0.081,코위버
310,2025-01-15,052220,0.001,0.268,-0.009,0.251,730,153,25605205,13055040,11592510,49125,54440,4280,-0.025,0.109,-0.026,8078945,0.138,0.08,201,398,104100,121930,4790,4400,-0.08142,iMBC
309,2025-01-15,007720,-0.013,0.007,-0.059,-0.041,5,658,1686251,1051957,615384,1501,660,1041,0.036,0.139,0.03,3399959,0.106,0.08,342,760,115130,153000,1198,1132,-0.05509,대명소노시즌
308,2025-01-15,014160,0.007,0.108,-0.001,0.022,83,230,17309381,9270769,7439368,14545,14183,1360,-0.014,0.081,-0.026,4110870,0.11,0.08,69,760,93500,153000,1485,1432,-0.03569,대영포장
307,2025-01-15,012170,-0.235,-0.205,-0.298,-0.298,6,50,8364911,4738435,3017380,1771,3683,278,-0.083,-0.065,-0.151,6165059,0.102,0.08,225,760,105300,153000,263,271,0.03042,아센디오
306,2025-01-15,010140,0.005,0.038,0.005,0.013,95,0,8199543,3646481,4250582,15382,21040,11850,0.006,0.094,0.001,9889411,0.094,0.08,229,760,105500,153000,13100,13000,-0.00763,삼성중공업
305,2025-01-14,460930,0.012,0.012,-0.047,-0.047,0,760,2785962,1671396,851893,14243,12338,16960,-0.001,0.115,-0.006,4326347,0.122,0.08,61,760,93100,153000,19100,18490,-0.03194,현대힘스
304,2025-01-14,363260,-0.016,-0.004,-0.049,-0.048,22,684,1381868,976185,321602,2106,1437,1810,0.003,0.08,-0.006,1651516,0.086,0.08,94,119,94730,100000,1975,2150,0.08861,모비데이즈
303,2025-01-14,208710,-0.0,-0.0,-0.125,-0.1,0,693,5320269,3081506,1937437,2714,3001,640,-0.058,0.036,-0.059,1579639,0.101,0.08,61,131,93100,100600,670,616,-0.0806,바이오로그디바이스
302,2025-01-14,017510,0.077,0.3,0.029,0.3,381,48,10728576,5205187,5085522,28406,32264,6760,0.035,0.04,-0.038,2808556,0.082,0.08,126,380,100330,121030,7100,6520,-0.08169,세명전기
301,2025-01-14,152550,0.026,0.026,-0.003,-0.0,0,578,737315,493048,225260,384,293,312,0.016,0.106,0.006,2565640,0.099,0.08,66,255,93330,110800,348,320,-0.08046,한국ANKOR유전
300,2025-01-13,457550,0.117,0.171,0.056,0.099,104,44,1579290,838464,676842,10591,10827,16700,0.026,0.18,0.024,1310566,0.083,0.08,118,760,95930,153000,19900,19600,-0.01508,우진엔텍
299,2025-01-13,199820,0.021,0.287,-0.009,0.269,740,78,14491912,6707872,7061486,52450,58040,11500,0.112,0.19,0.086,8223829,0.073,0.073,68,528,93430,132430,13830,12810,-0.07375,제일일렉트릭
298,2025-01-13,038530,0.065,0.115,-0.08,-0.071,1,161,23565402,13696859,9183812,6917,10571,300,0.017,0.117,0.007,5723237,0.109,0.08,249,760,110500,153000,338,331,-0.02071,케이바이오
297,2025-01-13,014160,0.0,0.132,-0.028,0.035,383,71,17831210,9930199,7389451,14681,15662,1178,0.04,0.119,0.019,5504872,0.098,0.08,89,167,94500,102400,1331,1463,0.09917,대영포장
296,2025-01-10,460930,0.012,0.012,-0.025,0.0,0,81,328253,193971,112517,2153,1480,14520,0.003,0.189,-0.007,4929105,0.075,0.075,65,760,93300,153000,17430,17800,0.02123,현대힘스
295,2025-01-10,437730,-0.001,0.109,-0.03,0.06,448,92,6065417,3093782,2829820,22078,24788,9430,-0.0,0.106,-0.007,2937376,0.114,0.08,73,760,93700,153000,10530,10410,-0.0114,삼현
294,2025-01-10,225530,0.001,0.026,-0.014,0.012,283,9,175929,23118,23003,134,269,4830,0.066,0.172,0.046,1972062,0.089,0.08,120,562,100030,134130,5720,5260,-0.08042,보광산업
293,2025-01-10,187660,0.077,0.181,-0.008,0.035,16,399,26353164,13631995,10910568,37652,40531,2540,0.033,0.077,-0.004,4633943,0.081,0.08,115,435,95800,123800,2760,2990,0.08333,현대ADM
292,2025-01-09,356680,-0.065,-0.042,-0.126,-0.113,10,705,3340977,2097371,1063055,10288,10872,9700,-0.164,-0.139,-0.218,2912284,0.1,0.08,490,760,130530,153000,8430,8420,-0.00119,엑스게이트
291,2025-01-09,221800,0.012,0.3,0.012,0.3,46,0,8520842,4821647,3572260,18492,21214,3730,0.099,0.139,0.031,2257970,0.105,0.08,129,163,100500,102200,4290,3940,-0.08159,유투바이오
290,2025-01-09,208710,0.114,0.27,-0.031,0.009,19,418,75760775,41268805,31558252,41130,46733,940,-0.144,-0.059,-0.152,6688485,0.11,0.08,134,310,100730,113530,894,822,-0.08054,바이오로그디바이스
289,2025-01-09,089790,-0.019,0.163,-0.025,0.082,111,1,2112490,1101192,977959,10641,13764,4475,0.06,0.18,0.021,1783710,0.083,0.08,145,156,101300,101830,5330,5780,0.08443,제이티
288,2025-01-09,062970,-0.05,0.245,-0.077,-0.038,111,6,29301779,15239584,13224964,81971,97118,9010,-0.084,-0.019,-0.143,3693305,0.145,0.08,210,654,104530,142730,8930,8210,-0.08063,한국첨단소재
287,2025-01-09,032980,0.025,0.291,-0.02,0.148,433,17,14153966,7388356,6407329,11522,12986,458,0.007,0.144,0.007,2687280,0.117,0.08,241,760,110100,153000,529,503,-0.04915,바이온
286,2025-01-09,011790,-0.011,0.155,-0.018,0.126,635,0,1455143,636859,788037,31140,35104,135400,0.064,0.154,0.059,1358847,0.089,0.08,93,760,94700,153000,157800,161600,0.02408,SKC
285,2025-01-08,456070,0.003,0.011,-0.016,0.0,24,661,623154,368276,220939,4445,3472,17780,0.02,0.112,0.008,2166975,0.104,0.08,137,760,100900,153000,19980,19000,-0.04905,이엔셀
284,2025-01-08,299170,0.116,0.116,-0.095,-0.095,4,760,3769886,2017424,1165227,10647,11510,1541,0.097,0.171,0.071,3335352,0.091,0.08,509,760,131500,153000,1822,1760,-0.03403,더블유에스아이
283,2025-01-08,062970,0.229,0.3,0.129,0.3,581,472,14386199,7550425,6442106,40670,48412,9370,-0.05,0.067,-0.077,5846855,0.156,0.08,93,703,94700,145200,10100,9280,-0.08119,한국첨단소재
282,2025-01-08,038880,0.083,0.235,-0.076,-0.065,12,720,48972728,27144805,19058941,20088,24572,271,0.026,0.125,0.007,9632194,0.117,0.08,215,579,104800,135000,308,283,-0.08117,아이에이
281,2025-01-08,038530,0.0,0.009,-0.018,-0.009,138,6,357832,247410,104302,122,258,226,0.013,0.106,0.004,1497571,0.101,0.08,71,112,93600,95630,252,278,0.10317,케이바이오
280,2025-01-08,097230,0.008,0.189,0.003,0.16,515,14,8005549,3824580,4046701,22925,24201,7190,-0.007,0.056,-0.046,1266071,0.106,0.08,68,760,93430,153000,7670,7270,-0.05215,HJ중공업
279,2025-01-07,396470,0.012,0.046,0.006,0.037,19,592,794219,362460,373929,2704,2881,8750,0.033,0.095,-0.014,1021278,0.11,0.08,359,371,120000,120600,9680,8900,-0.08058,워트
278,2025-01-07,123010,0.157,0.299,0.113,0.299,17,6,4845497,1891149,1793063,4719,4759,1940,0.082,0.162,-0.025,10462512,0.098,0.08,585,609,135300,140500,2280,2100,-0.07895,아이윈플러스
277,2025-01-07,082800,0.0,0.018,-0.037,0.003,56,12,707737,413009,272890,2308,2578,7080,0.006,0.137,-0.003,1143732,0.123,0.08,67,760,93400,153000,8130,7940,-0.02337,비보존 제약
276,2025-01-07,011080,-0.025,0.041,-0.031,-0.017,64,676,8089400,4571611,3064655,10265,11963,1140,-0.008,0.091,-0.04,3141839,0.137,0.08,61,70,93100,93530,1256,1429,0.13774,형지I&C
275,2025-01-07,097230,-0.0,0.053,-0.059,0.053,746,26,2126723,1032475,1033934,5089,4985,6200,0.008,0.177,0.003,2347015,0.085,0.08,515,760,131800,153000,7370,7190,-0.02442,HJ중공업
274,2025-01-07,002410,-0.014,0.017,-0.037,-0.014,232,32,1093603,543217,408575,1179,1497,2540,0.043,0.122,0.018,2528117,0.103,0.08,116,137,95830,100900,2880,3180,0.10417,범양건영
273,2025-01-07,001470,0.002,0.028,-0.013,0.019,47,9,5109261,2441154,2438205,2362,3402,931,0.002,0.099,-0.0,7028387,0.099,0.08,142,760,101130,153000,1033,990,-0.04163,삼부토건
272,2025-01-06,411080,-0.009,-0.003,-0.023,-0.004,544,9,113713,71669,36538,571,431,6960,0.017,0.142,-0.004,1252403,0.118,0.08,65,760,93300,153000,8030,7970,-0.00747,샌즈랩
271,2025-01-06,232830,0.018,0.147,0.018,0.147,760,0,1085760,0,10531,0,24,3400,-0.029,0.091,-0.059,1160425,0.159,0.08,229,488,105500,130430,3750,3450,-0.08,시큐센
270,2025-01-06,203650,0.016,0.115,-0.001,0.04,62,2,9983312,5213203,4522556,15759,18009,4020,0.011,0.082,-0.002,3013513,0.085,0.08,292,760,112630,153000,4390,4160,-0.05239,드림시큐리티
269,2025-01-06,158430,0.026,0.299,0.015,0.299,64,1,26149148,12256919,13485790,69767,73527,7990,0.06,0.18,0.05,15679172,0.083,0.08,79,586,94000,135330,9520,8750,-0.08088,아톤
268,2025-01-06,115500,-0.007,0.033,-0.05,-0.033,47,204,2967660,1643842,1186214,13207,13702,14080,0.023,0.096,0.011,1863328,0.084,0.08,78,760,93930,153000,15580,14640,-0.06033,케이씨에스
267,2025-01-06,097800,0.0,0.288,-0.006,0.211,462,3,17165221,8924325,7965336,21356,28839,757,0.017,0.088,0.004,2439500,0.084,0.08,177,760,102900,153000,832,797,-0.04207,윈팩
266,2025-01-06,038880,0.046,0.296,0.046,0.296,10,0,12390076,6655889,4856827,3591,2582,254,0.039,0.169,0.004,16332575,0.092,0.08,121,760,100100,153000,300,290,-0.03333,아이에이
265,2025-01-06,032980,0.012,0.033,-0.298,-0.298,6,102,19719039,9538688,9686051,3602,8735,362,0.019,0.041,-0.058,2629378,0.106,0.08,560,760,134030,153000,381,384,0.00787,바이온
264,2025-01-03,336570,0.025,0.083,0.015,0.067,462,0,985959,406052,539424,2579,2676,4690,0.009,0.122,0.006,1176752,0.114,0.08,683,760,144200,153000,5310,5330,0.00377,원텍
263,2025-01-03,277810,0.297,0.3,0.272,0.3,5,5,728153,443020,133708,18677,230,211500,0.064,0.069,-0.033,1438722,0.105,0.08,179,760,103000,153000,228000,233000,0.02193,레인보우로보틱스
262,2025-01-03,160190,0.15,0.3,0.113,0.3,35,5,3277163,1481084,1524058,18579,17970,17420,-0.034,0.068,-0.052,2578369,0.126,0.08,93,760,94700,153000,18790,17490,-0.06919,하이젠알앤엠
261,2025-01-03,065500,0.092,0.101,0.023,0.059,5,24,14144138,7462486,6016623,21687,25217,7020,-0.038,-0.011,-0.11,2910407,0.11,0.08,66,552,93330,133630,7010,6440,-0.08131,오리엔트정공
260,2025-01-03,056360,-0.021,0.009,-0.051,-0.009,13,364,1269337,733276,427496,4996,4159,7950,0.044,0.181,0.024,2248578,0.082,0.08,64,754,93230,151730,9480,8710,-0.08122,코위버
259,2025-01-03,039240,0.043,0.095,0.016,0.068,364,25,2984395,1490642,1360324,6522,6784,4855,0.016,0.11,0.003,1669532,0.107,0.08,76,760,93830,153000,5440,5700,0.04779,경남스틸
258,2025-01-03,018000,-0.021,0.055,-0.03,0.026,337,2,871823,369768,448694,572,1005,778,-0.001,0.118,-0.001,1087386,0.12,0.08,65,760,93300,153000,879,873,-0.00683,유니슨
257,2025-01-03,011080,0.059,0.3,0.036,0.3,301,17,9569693,4416682,4272908,7342,9102,1019,0.001,0.099,-0.062,6673683,0.162,0.08,226,760,105330,153000,1131,1160,0.02564,형지I&C
256,2025-01-03,093240,0.071,0.248,0.027,0.212,586,17,16131315,7728070,7831705,19107,24684,2490,-0.036,0.022,-0.074,1838026,0.104,0.08,145,760,101300,153000,2570,2495,-0.02918,형지엘리트
255,2025-01-03,018500,0.087,0.299,0.084,0.299,32,0,15373832,9314815,5488451,9765,7327,2475,0.059,0.091,-0.042,10086322,0.139,0.08,139,284,101000,112230,2730,2510,-0.08059,동원금속
254,2025-01-03,017860,0.011,0.013,-0.057,-0.053,0,598,934672,625442,256658,6603,5689,28850,0.0,0.125,-0.005,1293080,0.131,0.08,65,760,93300,153000,32800,34550,0.05335,DS단석
253,2025-01-03,015020,0.13,0.243,0.042,0.174,601,24,7503216,3631422,3562923,7378,9557,2230,0.009,0.022,-0.09,1543473,0.123,0.08,152,554,101630,133730,2300,2110,-0.08261,이스타코
252,2025-01-03,002630,0.165,0.205,0.078,0.122,574,24,55645082,28720465,24738091,43430,52788,1736,-0.041,-0.005,-0.097,5905972,0.103,0.08,63,130,93200,100530,1745,1926,0.10372,오리엔트바이오
251,2025-01-03,001380,-0.006,0.072,-0.027,0.047,361,14,7512108,3867666,3380825,8057,8645,3475,0.022,0.119,0.007,7508773,0.111,0.08,131,760,100600,153000,3930,3650,-0.07125,SG글로벌
250,2025-01-02,464080,-0.019,0.053,-0.029,0.043,680,4,5376305,2425900,2405728,22738,25577,13480,-0.019,0.05,-0.033,2273688,0.087,0.08,99,640,105000,153000,14300,14100,-0.01399,에스오에스랩
249,2025-01-02,299900,0.077,0.099,-0.009,-0.009,0,760,5268625,2970868,1717826,6296,7245,1381,0.028,0.174,0.028,2891105,0.088,0.08,63,335,103200,124800,1637,1504,-0.08125,위지윅스튜디오
248,2025-01-02,293580,-0.011,0.087,-0.018,0.08,738,1,2689203,1236663,1344066,2132,3148,1161,0.053,0.148,0.025,2755451,0.113,0.08,191,640,113600,153000,1346,1378,0.02377,나우IB
247,2025-01-02,219550,0.057,0.079,-0.009,0.062,423,18,2255612,1155065,1042457,745,936,482,0.044,0.124,0.025,1034773,0.097,0.08,164,640,112230,153000,547,550,0.00548,디와이디
246,2025-01-02,090710,0.007,0.078,0.007,0.04,12,0,5806251,2920394,2707653,6371,8053,1490,0.063,0.157,0.061,13032183,0.09,0.08,240,640,120030,153000,1741,1746,0.00287,휴림로봇
245,2025-01-02,049180,0.109,0.298,0.086,0.298,15,6,1865658,868161,324723,2050,793,2540,0.01,0.02,-0.091,2335376,0.121,0.08,162,175,112130,112800,2620,2410,-0.08015,셀루메드
244,2025-01-02,015020,-0.003,0.159,-0.049,0.101,300,2,6517028,3374083,3024902,7897,8884,1899,0.13,0.159,0.042,2053269,0.103,0.08,97,640,104900,153000,2220,2230,0.0045,이스타코
243,2025-01-02,002630,0.019,0.3,0.018,0.3,271,0,45465118,24734047,20348684,34583,35543,1547,0.165,0.182,0.078,16787955,0.081,0.08,572,640,144630,153000,1847,1736,-0.0601,오리엔트바이오
242,2025-01-02,001570,-0.007,0.062,-0.013,0.047,588,1,1312457,603421,668267,5403,8815,21200,-0.059,-0.059,-0.13,1059290,0.081,0.08,180,640,113030,153000,20100,19560,-0.02687,금양
241,2024-12-30,466100,0.0,0.041,-0.023,0.027,756,250,10909257,5492689,4788115,32993,34745,8320,-0.026,0.073,-0.035,5886068,0.112,0.08,112,760,95630,153000,9020,8910,-0.0122,클로봇
240,2024-12-30,460470,0.0,0.219,-0.016,0.129,195,37,6716842,3519471,3088103,26156,32309,4560,-0.0,0.088,-0.004,1056213,0.093,0.08,101,760,95100,153000,5010,4780,-0.04591,아이빔테크놀로지
239,2024-12-30,378800,0.012,0.022,-0.089,-0.078,0,113,1472254,983269,424153,3276,3601,3155,-0.003,0.135,-0.011,1283617,0.124,0.08,66,760,93330,153000,3620,3500,-0.03315,샤페론
238,2024-12-30,123010,0.047,0.235,0.045,0.077,328,2,8774660,4492590,3972441,11366,12974,1039,-0.004,0.1,-0.007,1337467,0.108,0.08,77,760,93900,153000,1154,1144,-0.00867,아이윈플러스
237,2024-12-30,043590,-0.043,0.219,-0.05,0.057,360,8,5479388,2910392,2316762,7947,9257,742,0.054,0.154,0.013,1222176,0.107,0.08,116,760,95830,153000,865,860,-0.00578,웰킵스하이텍
236,2024-12-30,089590,0.0,0.011,-0.061,-0.012,117,476,127339,80085,42863,1510,850,8210,-0.14,-0.08,-0.157,3884881,0.091,0.08,63,760,93200,153000,7630,7500,-0.01704,제주항공
235,2024-12-27,232830,0.002,0.036,-0.038,0.015,152,599,1453869,769165,512223,3691,4339,2650,0.128,0.193,0.04,1619040,0.072,0.072,210,376,104530,120830,3190,2960,-0.0721,시큐센
234,2024-12-27,193250,0.0,0.299,-0.019,0.211,715,2,10340484,5237193,3758875,4434,5068,579,-0.048,0.029,-0.097,2008525,0.14,0.08,616,760,140830,153000,602,581,-0.03488,링크드
233,2024-12-27,123010,0.017,0.017,-0.044,-0.034,0,54,830377,485484,329714,1232,1393,965,0.047,0.174,0.045,2221981,0.088,0.08,312,671,113630,143600,1144,1051,-0.08129,아이윈플러스
232,2024-12-27,115500,0.015,0.029,-0.012,-0.002,143,609,700056,414740,244994,3117,2342,9700,0.079,0.176,0.055,2141327,0.086,0.08,183,228,103200,105430,11520,12520,0.08681,케이씨에스
231,2024-12-27,075970,-0.006,0.031,-0.015,0.027,735,44,359404,42025,49962,203,204,2660,0.128,0.154,0.024,3439618,0.107,0.08,67,105,93400,95300,3100,2850,-0.08065,동국알앤에스
230,2024-12-26,303030,0.01,0.299,0.01,0.299,21,0,12126680,7137362,4795161,12543,14945,1133,0.125,0.139,0.001,2694014,0.122,0.08,659,666,143000,143330,1303,1197,-0.08135,지니틱스
229,2024-12-26,217270,0.009,0.009,-0.016,0.006,0,504,109247,68166,38117,958,662,4960,0.062,0.137,0.01,1111296,0.123,0.08,87,760,94400,153000,5700,5670,-0.00526,넵튠
228,2024-12-26,065500,-0.029,0.155,-0.06,0.025,72,2,16778883,9217329,7173317,32231,36182,5670,-0.019,0.109,-0.021,4046111,0.133,0.08,60,119,93030,100000,6350,5840,-0.08031,오리엔트정공
227,2024-12-26,050890,0.04,0.067,0.016,0.016,46,758,3202265,1734230,1227666,6618,7068,5650,0.009,0.099,0.009,2615266,0.089,0.08,105,760,95300,153000,6270,6380,0.01754,쏠리드
226,2024-12-26,018500,0.044,0.247,-0.046,-0.044,100,664,44878526,24304165,19553063,50119,56767,1740,0.044,0.198,0.044,10726183,0.064,0.064,63,83,93200,94200,2110,1973,-0.06493,동원금속
225,2024-12-26,015020,-0.023,0.073,-0.035,0.003,73,1,1637294,927330,670100,1778,2097,1510,0.003,0.122,0.001,1025043,0.122,0.08,73,564,93700,134230,1712,1573,-0.08119,이스타코
224,2024-12-24,475580,-0.014,0.037,-0.027,0.014,565,161,2249987,1174345,967539,10774,10623,12270,0.011,0.166,0.01,6380432,0.095,0.08,65,760,93300,153000,14450,13550,-0.06228,에이럭스
223,2024-12-24,466100,0.008,0.044,0.005,0.044,760,0,576836,241803,270783,1337,2051,6440,0.019,0.12,-0.008,1700215,0.128,0.08,129,627,100500,141400,7280,8220,0.12912,클로봇
222,2024-12-24,113810,0.016,0.3,-0.081,0.186,755,34,21706450,9958890,10385243,22677,26638,1822,-0.061,-0.01,-0.089,2602044,0.086,0.08,85,446,94300,124330,1821,1673,-0.08127,디젠스
221,2024-12-24,065500,-0.041,-0.02,-0.136,-0.093,0,23,17279889,9718187,6903822,25229,29129,5530,-0.029,0.083,-0.06,3886933,0.152,0.08,66,658,93330,142930,6050,5560,-0.08099,오리엔트정공
220,2024-12-24,018500,0.021,0.3,0.021,0.3,700,0,19592286,9270022,9951735,28684,33876,1820,0.044,0.137,-0.0,11508619,0.123,0.08,83,440,94200,124030,2090,1921,-0.08086,동원금속
219,2024-12-24,002630,0.1,0.125,-0.061,0.025,78,23,34880339,18068670,15021219,22726,25545,1267,-0.053,0.024,-0.063,3564322,0.093,0.08,69,760,93500,153000,1310,1227,-0.06336,오리엔트바이오
218,2024-12-23,288330,-0.025,0.022,-0.084,-0.03,281,45,2050861,1117766,849213,3995,3400,3940,0.018,0.121,0.015,1124688,0.104,0.08,99,760,95000,153000,4460,4495,0.00785,브릿지바이오테라퓨틱
217,2024-12-23,113810,0.027,0.3,-0.017,0.3,712,31,13370252,6753685,6348348,13172,15261,1536,0.016,0.035,-0.081,3329133,0.125,0.08,351,587,115600,135400,1605,1475,-0.081,디젠스
216,2024-12-23,047560,-0.002,0.016,-0.092,-0.082,28,754,1150451,701232,371448,7164,5314,23000,0.03,0.165,0.026,1872352,0.095,0.08,91,760,94600,153000,27100,28050,0.03506,이스트소프트
215,2024-12-23,039240,-0.023,0.01,-0.093,-0.076,53,364,2837108,1732556,992209,5684,6279,4720,0.001,0.186,0.001,6888680,0.076,0.076,488,760,130430,153000,5660,5270,-0.0689,경남스틸
214,2024-12-23,097230,-0.002,0.25,-0.023,0.127,355,13,9017715,4645813,4206012,25161,23498,5850,0.043,0.132,0.026,1970780,0.103,0.08,78,760,93930,153000,6690,6660,-0.00448,HJ중공업
213,2024-12-23,018500,0.011,0.132,-0.023,0.069,301,100,7295456,3824935,3263946,7974,10099,1400,0.021,0.149,0.021,3181870,0.111,0.08,79,700,94000,145030,1625,1808,0.11262,동원금속
212,2024-12-23,006340,-0.07,-0.059,-0.121,-0.11,0,375,6754421,4093798,2183654,6122,8057,2875,0.002,0.137,-0.0,9567542,0.124,0.08,188,760,103430,153000,3300,3195,-0.03182,대원전선
211,2024-12-23,002630,0.055,0.3,0.005,0.3,366,72,20205552,13364763,5042752,7599,6674,1236,0.1,0.108,-0.061,13447131,0.152,0.08,78,107,93930,95400,1384,1272,-0.08092,오리엔트바이오
210,2024-12-23,001380,-0.044,-0.013,-0.172,-0.098,24,369,37235343,19530514,16086311,44293,49074,4210,-0.045,0.033,-0.047,4212924,0.085,0.08,411,760,122600,153000,4390,4175,-0.04897,SG글로벌
209,2024-12-20,476060,0.385,1.008,0.288,0.331,104,10,33939536,18193181,14878160,244529,263307,17300,-0.056,0.096,-0.064,2323887,0.165,0.08,168,760,102430,153000,19150,21400,0.11749,온코닉테라퓨틱스
208,2024-12-20,293580,-0.004,0.068,-0.004,0.042,660,0,1658218,717,11,12,3,1287,0.054,0.142,0.05,6058762,0.088,0.08,94,567,94730,134400,1485,1365,-0.08081,나우IB
207,2024-12-20,085810,0.099,0.149,-0.07,-0.07,0,760,3705614,1804068,1307463,5473,6519,1100,-0.0,0.127,-0.0,1180314,0.127,0.08,194,649,103730,142500,1252,1151,-0.08067,알티캐스트
206,2024-12-20,065500,-0.049,-0.026,-0.179,-0.15,3,570,20544526,11180498,7635853,31357,34629,4980,0.074,0.092,-0.004,4031025,0.097,0.08,354,370,115730,120530,5490,6030,0.09836,오리엔트정공
205,2024-12-20,079900,-0.022,0.3,-0.024,0.274,541,0,7527395,3833036,3518614,54552,63182,35300,0.018,0.061,-0.018,1649173,0.081,0.08,134,160,100730,102030,37800,40900,0.08201,전진건설로봇
204,2024-12-20,035510,-0.034,0.067,-0.085,-0.048,148,702,3030162,1666526,1266246,19656,20055,10560,0.038,0.129,0.037,1662895,0.089,0.08,102,303,95130,113200,12040,11060,-0.0814,신세계 I&C
203,2024-12-20,002630,-0.02,-0.02,-0.162,-0.161,0,743,6269049,3689727,2238226,3518,4519,951,0.055,0.097,0.006,1773274,0.09,0.08,296,355,112830,115800,1053,1149,0.09117,오리엔트바이오
202,2024-12-19,456010,0.045,0.284,-0.014,0.188,616,51,10962074,5608705,5017591,40360,44987,8780,-0.006,0.175,-0.014,5560536,0.087,0.08,79,760,94000,153000,10420,9690,-0.07006,아이씨티케이
201,2024-12-19,009730,-0.012,0.003,-0.017,-0.003,3,106,858750,339887,394344,566,2507,1040,-0.051,-0.025,-0.098,1162511,0.081,0.08,587,760,135400,153000,1024,1049,0.02441,이렘
200,2024-12-19,006490,0.027,0.299,0.012,0.299,482,0,17151476,9328062,7621934,18170,24184,1606,-0.029,0.045,-0.047,3411621,0.097,0.08,211,760,104600,153000,1695,1644,-0.03009,인스코비
199,2024-12-19,001380,-0.018,0.061,-0.037,0.008,263,155,14498267,8302562,5894033,19173,18895,3715,-0.021,0.149,-0.021,11180735,0.112,0.08,215,699,104800,145000,4310,4800,0.11369,SG글로벌
198,2024-12-18,464500,0.019,0.235,0.009,0.174,683,2,8827004,4719681,3935358,28302,34209,4665,0.004,0.091,-0.026,1977496,0.12,0.08,61,450,93100,124530,5140,4720,-0.08171,아이언디바이스
197,2024-12-18,457600,0.054,0.072,-0.21,-0.185,7,719,13399127,7843710,5052661,36341,43026,6300,-0.021,0.079,-0.035,2589742,0.118,0.08,661,685,143100,144300,6870,6310,-0.08151,벡트
196,2024-12-18,445090,0.061,0.3,0.026,0.291,656,6,4619897,2024884,2433806,31315,43536,34850,-0.036,0.07,-0.037,1241508,0.112,0.08,62,760,93130,153000,37700,37550,-0.00398,에이직랜드
195,2024-12-18,199480,0.299,0.299,0.084,0.152,74,723,14622904,8868394,5165159,38209,37426,8350,0.028,0.054,-0.053,1507311,0.113,0.08,204,295,104230,112800,8890,8170,-0.08099,뱅크웨어글로벌
194,2024-12-18,097870,0.213,0.299,0.095,0.132,9,106,11712354,6301699,4603991,37014,36975,8470,0.11,0.181,0.077,2402499,0.082,0.08,200,682,104030,144130,10100,9280,-0.08119,효성오앤비
193,2024-12-18,006490,-0.001,0.0,-0.031,-0.01,9,17,402618,226190,165114,726,726,1236,0.027,0.181,0.012,2342010,0.081,0.08,141,358,101100,115930,1475,1596,0.08203,인스코비
192,2024-12-17,464500,0.009,0.02,-0.004,0.019,98,5,238806,133590,92453,732,624,3975,0.019,0.141,0.009,1181644,0.12,0.08,301,760,113100,153000,4580,4665,0.01856,아이언디바이스
191,2024-12-17,394800,-0.015,0.021,-0.068,-0.031,5,591,8094726,3512969,2992586,10064,15961,6000,0.067,0.152,0.058,13151009,0.088,0.08,304,536,113230,132830,6980,7600,0.08883,쓰리빌리언
190,2024-12-17,113810,-0.08,-0.078,-0.253,-0.222,0,542,8199652,4784047,2965254,4775,5333,1173,-0.037,-0.024,-0.11,1456395,0.097,0.08,74,760,93730,153000,1156,1138,-0.01557,디젠스
189,2024-12-17,043220,0.0,0.036,-0.015,0.01,416,16,892456,447846,389338,289,365,393,0.005,0.183,0.005,1875693,0.079,0.079,64,194,93230,103730,470,433,-0.07872,티에스넥스젠
188,2024-12-17,024940,-0.036,-0.032,-0.118,-0.088,0,670,2506254,1295011,876481,7746,6229,9170,0.028,0.085,-0.017,2109028,0.104,0.08,206,653,104330,142700,10050,9240,-0.0806,PN풍년
187,2024-12-17,093240,-0.048,-0.046,-0.256,-0.223,0,665,5650275,3636000,1700855,4912,6294,1954,-0.038,0.0,-0.125,1484650,0.143,0.08,105,760,95300,153000,1974,2055,0.04103,형지엘리트
186,2024-12-17,084690,-0.173,0.018,-0.199,-0.124,280,183,12193963,6515289,5264122,40450,40744,10010,0.001,0.08,-0.011,1570759,0.092,0.08,190,760,103530,153000,10920,10370,-0.05037,대상홀딩스
185,2024-12-17,013360,-0.011,-0.008,-0.259,-0.225,6,689,7663136,4474838,2660888,15490,13952,3520,-0.028,-0.016,-0.108,2482994,0.104,0.08,78,243,93930,110200,3500,3220,-0.08,일성건설
184,2024-12-17,002630,-0.09,-0.09,-0.24,-0.184,0,600,4083094,51295,54779,33,32,1160,-0.041,-0.041,-0.196,3204361,0.193,0.08,71,760,93600,153000,1124,1178,0.04804,오리엔트바이오
183,2024-12-17,001380,-0.04,0.027,-0.087,-0.022,51,588,12008853,6090203,4404129,9827,11918,3265,0.047,0.188,0.009,15725350,0.074,0.074,207,579,104400,135000,3920,3620,-0.07653,SG글로벌
182,2024-12-16,475580,-0.0,0.01,-0.051,-0.042,1,628,893680,537265,265424,3290,3253,9220,0.074,0.171,0.071,2448851,0.09,0.08,115,692,95800,144630,10910,11900,0.09074,에이럭스
181,2024-12-16,450520,0.011,0.223,0.005,0.13,183,2,6330041,3273388,2972471,24660,33042,4160,0.031,0.139,0.022,1243476,0.115,0.08,69,760,93500,153000,4790,4530,-0.05428,인스웨이브시스템즈
180,2024-12-16,356680,0.005,0.051,-0.086,-0.066,1,329,12284052,7047731,4459618,37552,37389,8640,0.025,0.105,0.016,7212805,0.088,0.08,139,417,101000,122900,9650,10510,0.08912,엑스게이트
179,2024-12-16,173130,0.0,0.044,-0.078,0.011,465,64,2151366,1185958,895874,6906,7608,8960,-0.216,-0.169,-0.235,1237052,0.088,0.08,265,760,111300,153000,7520,7060,-0.06117,오파스넷
178,2024-12-16,044180,0.17,0.3,0.145,0.3,18,8,7666974,4982610,1941517,2742,1942,789,-0.065,-0.038,-0.124,2812828,0.098,0.08,81,285,94100,112300,767,843,0.09909,KD
177,2024-12-16,152550,-0.004,0.028,-0.056,-0.01,602,65,3681381,2194682,1395938,1223,1918,283,0.032,0.184,0.028,5322429,0.08,0.08,69,760,93500,153000,338,326,-0.0355,한국ANKOR유전
176,2024-12-16,004770,-0.05,-0.032,-0.092,-0.053,373,8,8138190,4743855,3002585,8586,10093,2775,0.045,0.047,-0.063,2210363,0.117,0.08,183,237,103200,105900,2930,2690,-0.08191,써니전자
175,2024-12-16,003780,-0.016,-0.002,-0.096,-0.012,1,82,1207903,712067,440119,3240,2735,9490,0.092,0.137,0.034,1250958,0.1,0.08,60,256,93030,110830,10900,10020,-0.08073,진양산업
174,2024-12-13,293580,-0.003,-0.002,-0.142,-0.118,0,744,6496662,4108671,1969641,3869,3973,1139,0.033,0.099,0.007,3221075,0.092,0.08,140,258,101030,110930,1265,1382,0.09249,나우IB
173,2024-12-13,232830,0.033,0.299,0.033,0.299,22,0,2075126,1107585,936067,3330,2600,2340,0.137,0.184,0.023,2063607,0.078,0.078,211,348,104600,115430,2800,2580,-0.07857,시큐센
172,2024-12-13,093240,0.034,0.034,-0.146,-0.123,0,61,9927974,5567788,4021580,10471,11320,2290,0.05,0.081,-0.055,1580163,0.143,0.08,463,760,125200,153000,2500,2515,0.006,형지엘리트
171,2024-12-13,008600,0.298,0.298,0.112,0.148,5,747,22246018,13469915,7055994,10644,12728,635,-0.061,0.03,-0.088,1315762,0.13,0.08,108,404,95430,122230,661,747,0.13011,윌비스
170,2024-12-13,002410,-0.02,-0.02,-0.168,-0.078,0,88,13072019,7437122,5056257,20167,21371,3480,-0.003,0.096,-0.062,2884009,0.166,0.08,62,760,93130,153000,3850,3670,-0.04675,범양건영
169,2024-12-13,001570,0.043,0.159,0.024,0.159,760,6,5646307,2531520,2734863,21966,30441,24100,-0.029,0.154,-0.037,2618491,0.106,0.08,63,760,93200,153000,28100,26200,-0.06762,금양
168,2024-12-13,001470,0.008,0.032,-0.08,-0.07,4,690,28288092,16635081,10685011,13803,17501,1001,-0.023,0.045,-0.047,7257691,0.096,0.08,64,760,93230,153000,1056,996,-0.05682,삼부토건
167,2024-12-13,001380,0.025,0.299,0.0,0.299,328,1,28242906,14564949,13313057,36986,43221,3125,0.077,0.136,0.013,12233527,0.122,0.08,318,487,113930,130400,3590,3300,-0.08078,SG글로벌
166,2024-12-12,270520,0.001,0.066,-0.036,-0.018,19,317,3255615,1947447,1166340,4151,3501,1482,0.026,0.107,0.018,2124324,0.088,0.08,669,716,143500,145830,1656,1803,0.08877,지오릿에너지
165,2024-12-12,121850,0.225,0.287,0.029,0.171,12,59,14462413,7286128,6584803,21629,25554,2275,0.033,0.035,-0.121,2508155,0.178,0.08,200,473,104030,125700,2380,2190,-0.07983,코이즈
164,2024-12-12,115500,0.142,0.299,0.113,0.299,53,8,4660437,2425931,2056258,14209,12786,9330,-0.006,0.092,-0.011,4019782,0.104,0.08,64,133,93230,100700,10290,11370,0.10496,케이씨에스
163,2024-12-12,052220,0.006,0.025,-0.126,-0.1,0,62,3891907,2262517,1381605,7918,8537,4345,-0.02,-0.015,-0.112,1013191,0.109,0.08,205,227,104300,105400,4320,4790,0.1088,iMBC
162,2024-12-12,046970,0.1,0.291,0.076,0.179,94,6,16962308,8708587,7265559,16623,18635,1372,0.046,0.14,0.03,6019944,0.107,0.08,156,481,101830,130100,1580,1452,-0.08101,우리로
161,2024-12-12,084690,0.014,0.043,-0.056,-0.043,6,615,4570417,2613048,1697459,14683,14106,11470,0.037,0.082,-0.004,1958783,0.087,0.08,71,354,93600,115730,12530,11520,-0.08061,대상홀딩스
160,2024-12-12,014990,0.017,0.114,0.003,0.07,553,66,3610768,1897781,1640343,2472,2599,974,0.028,0.078,-0.013,1096946,0.093,0.08,62,461,93130,125100,1060,974,-0.08113,인디에프
159,2024-12-12,013360,0.167,0.169,-0.097,0.046,5,241,24717289,13231364,10717863,36170,40355,4920,-0.009,-0.008,-0.126,2559071,0.135,0.08,191,599,103600,140000,4930,4530,-0.08114,일성건설
158,2024-12-12,004770,0.114,0.118,-0.042,0.0,5,57,16957511,9688903,6239936,18854,20083,2595,-0.0,0.002,-0.075,2128691,0.083,0.08,360,362,120030,120130,2630,2850,0.08365,써니전자
157,2024-12-12,001380,0.028,0.036,-0.036,0.017,0,352,4209659,2397573,1573377,2583,2368,2405,0.025,0.156,0.0,6464749,0.104,0.08,162,328,102130,114430,2810,3110,0.10676,SG글로벌
156,2024-12-11,294090,0.068,0.242,0.02,0.137,486,392,13307699,7014953,5667073,19631,23205,3075,-0.01,0.12,-0.02,2162667,0.14,0.08,76,613,93830,140700,3480,3970,0.1408,이오플로우
155,2024-12-11,214610,-0.031,0.095,-0.031,0.09,754,0,914504,400490,429395,893,1215,1526,0.082,0.166,0.056,2183233,0.095,0.08,192,312,103630,113630,1798,1652,-0.0812,미코바이오메드
154,2024-12-11,158430,0.007,0.057,0.006,0.051,608,0,1000913,439329,432415,1566,1874,5130,0.094,0.152,0.053,3203090,0.094,0.08,67,760,93400,153000,5970,5800,-0.02848,아톤
153,2024-12-11,047560,-0.007,0.059,-0.048,0.046,740,391,2941237,1484154,1327763,13496,15420,23850,0.013,0.128,0.004,2291823,0.123,0.08,61,760,93100,153000,27200,27500,0.01103,이스트소프트
152,2024-12-11,043220,0.041,0.041,-0.135,-0.054,0,414,3087373,2043884,933038,1510,1125,350,-0.009,0.014,-0.086,1312009,0.109,0.08,71,760,93600,153000,359,368,0.02507,티에스넥스젠
151,2024-12-11,039240,0.047,0.181,-0.03,0.054,80,381,12137729,6346040,5341298,27323,28719,4570,0.039,0.039,-0.044,1012810,0.087,0.08,388,760,121430,153000,4800,4690,-0.02292,경남스틸
150,2024-12-11,013990,0.006,0.037,-0.016,0.014,30,4,2085396,1108440,925329,3524,3937,5190,0.029,0.131,0.01,1942848,0.12,0.08,83,760,94200,153000,5930,5940,0.00169,아가방컴퍼니
149,2024-12-11,006050,0.001,0.096,0.001,0.087,249,0,5123937,2197488,2774367,3284,4086,1851,0.012,0.167,0.01,2994644,0.095,0.08,75,760,93800,153000,2180,2250,0.03211,국영지앤엠
148,2024-12-11,012170,0.0,0.104,-0.003,0.093,51,1,872861,299658,497105,368,558,378,-0.005,0.143,-0.005,1386502,0.118,0.08,60,594,93030,135730,436,488,0.11927,아센디오
147,2024-12-10,900270,-0.018,0.11,-0.057,0.025,463,36,17978231,9738929,7711413,8262,13770,289,0.073,0.156,0.052,9940874,0.099,0.08,217,760,104900,153000,337,318,-0.05638,헝셩그룹
146,2024-12-10,376930,-0.067,0.088,-0.097,-0.097,33,725,10714548,6050594,4235486,19701,19564,3020,-0.045,0.06,-0.055,1842466,0.121,0.08,106,760,95330,153000,3230,3390,0.04954,노을
145,2024-12-10,294090,-0.019,-0.003,-0.286,-0.282,2,434,20732649,11967701,7739152,29174,32153,2705,0.068,0.15,0.041,2456732,0.105,0.08,473,760,125700,153000,3140,3075,-0.0207,이오플로우
144,2024-12-10,255220,0.024,0.032,-0.106,-0.101,1,682,6171081,3413665,2021380,5384,5233,2415,0.089,0.193,0.054,6613745,0.071,0.071,87,760,94400,153000,2910,2990,0.02749,SG
143,2024-12-10,173130,-0.038,0.135,-0.066,-0.015,59,701,11489169,6060669,5047209,43150,45779,9970,-0.048,0.032,-0.052,1466908,0.089,0.08,74,341,93730,115100,10390,11320,0.08951,오파스넷
142,2024-12-10,094840,-0.031,0.253,-0.105,0.173,463,1,2536249,1105020,1028582,8253,9507,7270,0.105,0.169,0.067,1264139,0.093,0.08,64,379,93230,121000,8580,7890,-0.08042,슈프리마에이치큐
141,2024-12-10,045660,-0.078,0.285,-0.078,0.275,749,0,5190513,2379998,2508808,32236,38756,37600,0.028,0.184,0.011,2086680,0.08,0.08,158,367,101930,120400,44900,41300,-0.08018,에이텍
140,2024-12-10,039240,0.064,0.3,-0.011,0.3,760,13,14961503,7265691,7136734,31376,36619,4335,0.047,0.098,0.006,2899021,0.092,0.08,72,379,93630,121000,4810,4420,-0.08108,경남스틸
139,2024-12-10,032280,0.0,0.297,0.0,0.297,681,0,3000668,1313068,1634901,5275,6602,2230,0.085,0.184,-0.007,1332965,0.077,0.077,124,373,100230,120700,2670,2460,-0.07865,삼일
138,2024-12-10,024940,0.093,0.192,0.029,0.138,274,12,8262010,4143325,3825749,26758,29144,7810,0.024,0.102,0.006,1261199,0.095,0.08,78,172,93930,102630,8700,9540,0.09655,PN풍년
137,2024-12-10,018290,-0.007,0.003,-0.075,-0.067,1,704,1539446,864442,619264,18415,11924,34300,0.029,0.152,0.029,1407552,0.109,0.08,84,760,94230,153000,39900,42550,0.06642,브이티
136,2024-12-10,004100,-0.071,0.033,-0.164,-0.099,43,394,8531921,4820726,3443227,9501,9702,3125,-0.072,0.029,-0.072,1609624,0.109,0.08,265,379,111300,121000,3250,3610,0.11077,태양금속
135,2024-12-10,002900,-0.001,0.024,-0.035,-0.031,207,13,912543,439579,420930,1997,2405,4025,0.099,0.153,0.065,1886570,0.083,0.08,203,760,104200,153000,4690,4590,-0.02132,TYM
134,2024-12-10,000890,0.011,0.193,-0.034,0.115,431,58,7215409,3866023,3015653,5550,13105,485,-0.01,0.049,-0.031,1291673,0.083,0.08,196,760,103830,153000,514,491,-0.04475,보해양조
133,2024-12-09,224110,-0.054,0.282,-0.099,0.179,404,7,4348614,2093384,2103948,20881,22744,21800,-0.083,0.188,-0.129,1210084,0.073,0.073,405,760,122300,153000,26200,27050,0.03244,에이텍모빌리티
132,2024-12-09,052400,-0.026,0.243,-0.077,0.127,160,7,2691023,1272394,1336901,13428,14351,21000,-0.057,0.145,-0.09,1003109,0.115,0.08,61,760,93100,153000,24300,26450,0.08848,코나아이
131,2024-12-09,052020,-0.006,0.006,-0.046,-0.021,12,128,292780,217950,67015,680,465,4925,-0.188,-0.104,-0.2,1996209,0.121,0.08,216,760,104830,153000,4460,4475,0.00336,에스티큐브
130,2024-12-09,045340,-0.027,0.257,-0.117,0.201,365,47,3171218,1569827,1539766,9814,10544,8600,-0.047,0.15,-0.047,1066449,0.111,0.08,210,681,104530,144100,9990,11100,0.11111,토탈소프트
129,2024-12-09,039240,0.002,0.181,-0.0,0.11,318,6,5843228,3019387,2725893,8413,10179,3335,0.064,0.156,-0.011,3086332,0.106,0.08,83,754,94200,151730,3890,4310,0.10797,경남스틸
128,2024-12-09,030350,0.0,0.3,-0.102,0.3,567,164,2795169,1365153,1247869,5444,7969,1244,0.149,0.149,-0.112,1426840,0.111,0.08,238,760,105930,153000,1444,1485,0.02839,드래곤플라이
127,2024-12-09,025550,0.012,0.186,0.012,0.115,113,0,3067099,1522426,1420704,8194,9516,3245,0.029,0.125,0.029,1325578,0.093,0.08,70,760,93530,153000,3690,3780,0.02439,한국선재
126,2024-12-09,024940,0.023,0.148,-0.029,-0.003,165,550,5347321,2742021,2374412,14638,15078,6860,0.093,0.134,0.029,1735286,0.102,0.08,188,760,103430,153000,7860,7810,-0.00636,PN풍년
125,2024-12-09,016920,-0.011,0.248,-0.09,0.134,405,1,9884298,4828805,4875431,11235,12218,1679,-0.047,0.189,-0.055,2471196,0.072,0.072,183,395,103200,121800,2020,2170,0.07426,카스
124,2024-12-09,011080,0.0,0.245,-0.074,0.108,405,2,7245597,3559945,3561711,8898,12113,719,-0.075,0.124,-0.107,1852162,0.137,0.08,70,434,93530,123730,816,928,0.13725,형지I&C
123,2024-12-09,008830,-0.046,-0.007,-0.087,-0.054,51,226,1747562,988154,642678,9499,8283,13430,-0.004,0.065,-0.032,1216766,0.1,0.08,70,760,93530,153000,14440,14470,0.00208,대동기어
122,2024-12-09,093240,0.0,0.254,-0.018,0.147,402,43,38022369,19562986,17762449,35297,37270,1583,-0.044,0.155,-0.089,10551940,0.106,0.08,148,307,101430,113400,1846,2040,0.10509,형지엘리트
121,2024-12-09,013360,-0.002,0.283,-0.13,0.211,407,45,27744116,13309862,13780882,25082,30198,2785,-0.057,0.196,-0.079,7634769,0.069,0.069,133,418,100700,122930,3360,3600,0.07143,일성건설
120,2024-12-09,010660,0.015,0.211,0.006,0.078,231,2,13375579,6798808,6338031,18533,20188,2915,-0.081,0.058,-0.098,1817194,0.173,0.08,80,760,94030,153000,3120,3335,0.06891,화천기계
119,2024-12-09,001380,0.011,0.056,-0.135,-0.105,137,528,6937790,4167560,2638638,5104,5388,2095,0.074,0.107,0.007,3171481,0.1,0.08,213,695,104700,144800,2340,2150,-0.0812,SG글로벌
118,2024-12-06,200350,-0.036,-0.022,-0.066,-0.057,42,754,484301,329297,126175,3056,3178,16910,-0.186,-0.138,-0.261,1435501,0.166,0.08,102,760,95130,153000,14720,15050,0.02242,아티스트스튜디오
117,2024-12-06,173130,-0.087,0.124,-0.097,0.021,45,0,9356406,4742704,4195579,37951,39416,8830,0.038,0.114,0.008,2728397,0.106,0.08,61,79,93100,94000,9940,11000,0.10664,오파스넷
116,2024-12-06,045660,0.255,0.3,0.191,0.3,6,247,5070327,2525066,2225820,29037,25285,24400,-0.039,0.055,-0.098,1139110,0.17,0.08,62,156,93130,101830,26000,30500,0.17308,에이텍
115,2024-12-06,033320,0.002,0.056,-0.035,0.025,149,246,3594100,1979725,1441271,8320,8552,5330,0.054,0.169,0.038,11267229,0.093,0.08,696,760,144830,153000,6290,6100,-0.03021,제이씨현시스템
114,2024-12-06,025950,0.298,0.298,0.228,0.298,101,268,1576099,907218,539509,11324,9721,35250,0.033,0.135,-0.031,1415399,0.126,0.08,62,176,93130,102830,40400,45500,0.12624,동신건설
113,2024-12-06,093240,0.001,0.202,-0.077,0.016,16,0,48899031,25888751,21286055,45790,49278,1380,0.0,0.086,-0.018,3081922,0.106,0.08,100,384,95030,121230,1514,1676,0.107,형지엘리트
112,2024-12-06,084690,-0.085,-0.005,-0.148,-0.127,43,8,4950302,2703854,2049226,16193,15032,9470,0.013,0.086,-0.011,1022231,0.097,0.08,61,115,93100,95800,10380,11400,0.09827,대상홀딩스
111,2024-12-06,015020,0.018,0.291,0.018,0.175,59,0,15884380,7834913,7210885,17070,18727,1001,-0.041,0.04,-0.091,1138762,0.144,0.08,60,175,93030,102800,1051,1203,0.14462,이스타코
110,2024-12-06,013360,0.111,0.274,0.03,0.136,16,107,23476694,11610806,10474803,27259,31065,2300,-0.002,-0.002,-0.13,1857261,0.147,0.08,62,122,93130,100130,2320,2660,0.14655,일성건설
109,2024-12-06,005690,0.002,0.023,-0.02,0.018,706,44,311421,140760,158890,719,706,4590,-0.009,0.111,-0.015,1208424,0.128,0.08,89,760,94500,153000,5150,5170,0.00388,파미셀
108,2024-12-06,004100,-0.116,-0.024,-0.149,-0.133,45,108,6727099,3803519,2592390,12124,12230,3090,0.01,0.094,-0.003,1979943,0.097,0.08,61,81,93100,94100,3410,3750,0.09971,태양금속
107,2024-12-06,002630,0.04,0.265,-0.0,0.048,27,105,26119435,13068267,11081502,12653,13812,630,-0.046,-0.016,-0.14,2859554,0.144,0.08,61,156,93100,101830,626,717,0.14537,오리엔트바이오
106,2024-12-05,214610,-0.013,0.182,-0.059,0.119,621,1,4138534,1737356,2309563,4044,5718,1688,0.066,0.066,-0.04,1028144,0.11,0.08,78,108,93930,95430,1817,1670,-0.0809,미코바이오메드
105,2024-12-05,137940,0.202,0.243,0.031,0.1,437,29,7231810,3793494,3145311,6077,6594,353,0.006,0.139,0.006,2635998,0.122,0.08,66,239,93330,110000,406,373,-0.08128,넥스트아이
104,2024-12-05,083650,-0.046,-0.028,-0.227,-0.179,1,323,9525388,5512998,3719090,38135,32333,14680,0.023,0.028,-0.061,1321459,0.094,0.08,191,760,103600,153000,15240,14830,-0.0269,비에이치아이
103,2024-12-05,052220,-0.002,0.299,-0.006,0.299,719,223,14520117,7331660,6908928,26924,30517,3085,-0.078,-0.018,-0.099,2514050,0.09,0.08,69,87,93500,94400,3060,3340,0.0915,iMBC
102,2024-12-05,036090,-0.027,-0.005,-0.031,-0.018,567,0,1625593,1021155,525926,803,690,752,0.023,0.1,-0.003,3766497,0.103,0.08,370,760,120530,153000,835,777,-0.06946,위지트
101,2024-12-05,003530,-0.031,-0.008,-0.053,-0.039,1,77,3732290,2314166,1206839,4102,4725,3715,0.043,0.132,0.013,8875121,0.117,0.08,108,760,95430,153000,4250,4275,0.00588,한화투자증권
100,2024-12-04,475580,0.0,0.173,-0.025,0.147,732,34,18665583,9581242,8502040,79164,87760,11460,-0.026,0.051,-0.036,3972828,0.09,0.08,64,165,93230,102300,12170,11180,-0.08135,에이럭스
99,2024-12-04,376930,0.057,0.108,0.003,0.006,0,745,6814253,3909436,2629252,22272,23266,3115,0.095,0.141,0.034,4480011,0.104,0.08,79,760,94000,153000,3590,3780,0.05292,노을
98,2024-12-04,006050,0.002,0.04,-0.022,-0.006,1,533,683903,428876,242967,901,843,1905,0.0,0.047,-0.09,2302981,0.151,0.08,238,760,105930,153000,2010,2175,0.08209,국영지앤엠
97,2024-12-04,035720,0.007,0.02,-0.002,0.019,654,28,3145243,1357864,1596644,19132,45351,42950,-0.017,0.061,-0.031,3151904,0.095,0.08,97,760,94900,153000,46000,46600,0.01304,카카오
96,2024-12-04,033250,-0.01,0.008,-0.015,0.001,70,2,95957,55384,40010,158,81,1290,0.069,0.147,0.047,1293975,0.095,0.08,88,558,94430,133930,1494,1637,0.09572,체시스
95,2024-12-04,004830,0.035,0.036,0.005,0.023,0,9,145410,56988,74786,404,636,6200,0.019,0.173,0.019,1623883,0.09,0.08,163,760,102200,153000,7340,7490,0.02044,덕성
94,2024-12-03,900270,0.004,0.038,-0.023,-0.008,504,263,2000967,1074503,855893,362,620,258,0.012,0.163,0.004,6742657,0.098,0.08,64,689,93230,144500,303,333,0.09901,헝셩그룹
93,2024-12-03,464500,-0.041,-0.024,-0.099,-0.06,2,577,5142761,2670133,1952000,12034,12373,5060,-0.018,0.061,-0.024,2176889,0.087,0.08,69,760,93500,153000,5420,5110,-0.0572,아이언디바이스
92,2024-12-03,270520,0.001,0.072,0.001,0.049,2,0,4761079,2475513,2019435,4447,4487,1725,0.023,0.144,0.023,6766662,0.116,0.08,485,760,130300,153000,1994,1994,0.0,지오릿에너지
91,2024-12-03,027360,0.004,0.071,-0.034,0.007,541,378,10951873,6050668,4610694,17134,19058,2830,0.018,0.18,0.012,10458271,0.083,0.08,61,144,93100,101230,3370,3100,-0.08012,아주IB투자
90,2024-12-02,476080,-0.005,0.056,-0.081,-0.071,568,732,4150671,2358428,1698910,28107,27088,15320,0.008,0.104,0.001,1381062,0.102,0.08,132,655,100630,142800,17080,15700,-0.0808,M83
89,2024-12-02,475580,-0.015,0.006,-0.06,-0.028,20,709,2587674,1237765,992155,8506,9971,9320,-0.018,0.101,-0.02,3805429,0.124,0.08,173,760,102700,153000,10360,9990,-0.03571,에이럭스
88,2024-12-02,376930,0.123,0.172,-0.076,-0.063,20,703,17999596,10035670,6952248,33100,34734,2885,0.04,0.14,0.035,4518151,0.102,0.08,189,706,103500,145330,3320,3050,-0.08133,노을
87,2024-12-02,356680,0.017,0.049,-0.025,0.004,44,696,2417399,1382195,940138,4899,5014,5280,0.057,0.125,0.027,2492367,0.096,0.08,65,760,93300,153000,6000,6060,0.01,엑스게이트
86,2024-12-02,057680,0.006,0.007,-0.043,-0.006,447,26,474491,283613,171426,787,706,1205,0.043,0.133,0.035,1252640,0.095,0.08,122,173,100130,102700,1379,1267,-0.08122,티사이언티픽
85,2024-12-02,008830,-0.044,-0.005,-0.073,-0.042,488,305,1214173,702158,440169,5454,5166,11210,0.021,0.091,0.004,1109246,0.087,0.08,253,373,110700,120700,12350,13440,0.08826,대동기어
84,2024-11-29,464500,0.024,0.191,0.014,0.123,663,6,2894912,1496879,1312646,9698,13292,4145,-0.002,0.18,-0.006,2780065,0.082,0.08,505,689,131300,144500,4940,5350,0.083,아이언디바이스
83,2024-11-29,450520,0.023,0.299,-0.037,0.299,66,10,7095911,3797584,2659560,13435,14456,4210,0.05,0.069,-0.011,2215460,0.08,0.08,110,162,95530,102130,4540,4170,-0.0815,인스웨이브시스템즈
82,2024-11-29,357880,-0.093,0.189,-0.109,-0.006,168,5,34303619,17692416,15208822,54559,58845,3135,-0.016,0.042,-0.038,1954014,0.083,0.08,284,325,112230,114300,3300,3580,0.08485,비트나인
81,2024-11-29,239340,0.114,0.254,0.044,0.206,37,7,14879852,7650346,6522385,34510,42587,2490,-0.036,0.1,-0.042,2499656,0.149,0.08,93,760,94700,153000,2770,2700,-0.02527,이스트에이드
80,2024-11-29,225190,-0.006,0.049,-0.007,0.002,117,5,3113425,1600385,1359532,3682,4774,2740,0.002,0.172,0.002,8962476,0.091,0.08,88,760,94430,153000,3240,3470,0.07099,LK삼양
79,2024-11-29,065950,-0.016,0.002,-0.016,-0.005,561,0,28234,13819,10543,77,111,2120,0.071,0.177,0.028,1816482,0.085,0.08,79,235,94000,105800,2520,2320,-0.07937,웰크론
78,2024-11-29,027360,-0.006,0.019,-0.017,-0.006,557,442,1503029,821342,443845,1330,1823,2605,0.027,0.09,0.008,2716639,0.082,0.08,79,760,94000,153000,2870,2810,-0.02091,아주IB투자
77,2024-11-29,024740,-0.06,0.009,-0.063,-0.058,90,0,2651574,1554727,887017,3221,3508,2680,0.026,0.127,0.024,4641572,0.1,0.08,633,760,141700,153000,3050,2980,-0.02295,한일단조
76,2024-11-29,012690,0.0,0.024,-0.009,0.017,600,3,156483,60982,90100,1954,604,2710,0.037,0.199,0.02,3222920,0.066,0.066,67,699,93400,145000,3280,3060,-0.06707,모나리자
75,2024-11-29,001470,0.002,0.013,-0.094,-0.07,1,428,23449940,13658863,9217649,12266,15644,1151,-0.121,-0.015,-0.13,10660786,0.133,0.08,135,684,100800,144230,1145,1052,-0.08122,삼부토건
74,2024-11-28,394800,0.019,0.185,-0.017,0.019,146,10,43218108,22877094,18977888,102288,114247,5830,0.027,0.141,0.015,10068609,0.119,0.08,73,188,93700,103430,6720,6180,-0.08036,쓰리빌리언
73,2024-11-28,357880,0.041,0.298,0.031,0.298,730,1,17731683,9224146,8108473,31796,33958,3155,-0.093,0.059,-0.109,9079030,0.189,0.08,117,550,95900,133530,3370,3100,-0.08012,비트나인
72,2024-11-28,351870,-0.002,0.299,-0.01,0.299,752,0,4364576,2301303,1944290,28425,27625,12770,0.061,0.108,0.018,1674269,0.088,0.08,114,500,95730,131030,14290,13130,-0.08118,차이커뮤니케이션
71,2024-11-28,208640,0.0,0.171,0.0,0.024,127,0,21852269,11785529,9619810,12932,15865,384,0.0,0.005,-0.078,1235848,0.09,0.08,382,760,121130,153000,390,375,-0.03846,썸에이지
70,2024-11-28,187220,0.011,0.283,-0.0,0.19,257,1,11370346,5440039,5556082,50780,72387,3750,-0.011,0.088,-0.04,1264367,0.133,0.08,367,483,120400,130200,4120,3790,-0.0801,디티앤씨
69,2024-11-27,464080,-0.037,0.052,-0.06,0.026,759,14,4438332,1838982,2126319,10443,13564,8430,-0.005,0.044,-0.039,2650347,0.086,0.08,376,552,120830,133630,8890,8170,-0.08099,에스오에스랩
68,2024-11-27,357880,-0.015,0.146,-0.069,0.043,80,16,12352340,6800622,5186549,32175,34284,2430,0.041,0.179,0.031,4491021,0.085,0.08,702,730,145130,150530,2890,3140,0.08651,비트나인
67,2024-11-27,234920,0.037,0.298,0.005,0.298,164,0,1443709,729191,565170,6985,6803,5230,0.08,0.136,0.011,1368845,0.123,0.08,318,714,113930,145730,6000,5510,-0.08167,자이글
66,2024-11-27,193250,0.019,0.028,-0.065,0.006,2,503,895221,409057,302902,578,709,467,0.056,0.161,0.034,1471091,0.101,0.08,289,313,112500,113700,547,503,-0.08044,링크드
65,2024-11-27,002410,-0.03,0.171,-0.077,0.012,125,32,13185427,7390442,5426858,28171,29032,3370,0.012,0.034,-0.062,1250532,0.103,0.08,95,532,94800,132630,3520,3230,-0.08239,범양건영
64,2024-11-26,459100,-0.037,0.102,-0.048,-0.04,27,1,5796239,3125815,2345630,33824,36973,13410,0.066,0.14,0.048,3955873,0.088,0.08,466,760,125330,153000,15440,15870,0.02785,위츠
63,2024-11-26,394800,0.02,0.165,0.015,0.115,374,1,33599219,17498930,15159817,79974,93138,4400,-0.003,0.143,-0.02,9069441,0.117,0.08,130,336,100530,114830,5080,5680,0.11811,쓰리빌리언
62,2024-11-26,306620,0.0,0.026,-0.017,-0.01,250,715,373369,145493,210425,437,927,2065,0.097,0.177,0.068,1598937,0.087,0.08,663,760,143200,153000,2450,2500,0.02041,네온테크
61,2024-11-26,219420,0.0,0.032,0.0,0.021,466,0,135610,65872,63402,464,677,4610,0.063,0.18,0.018,1354977,0.083,0.08,61,267,93100,111400,5490,5950,0.08379,링크제니시스
60,2024-11-26,208640,-0.011,0.073,-0.045,-0.037,22,4,8053875,4294714,3375229,3229,4336,341,0.012,0.1,0.003,2594809,0.096,0.08,240,342,110030,115130,379,416,0.09763,썸에이지
59,2024-11-26,158430,0.019,0.069,0.01,0.031,96,43,3251419,1657841,1427341,7857,8505,5400,0.009,0.098,-0.011,1851620,0.11,0.08,561,760,134100,153000,5990,5720,-0.04508,아톤
58,2024-11-26,101670,-0.002,0.015,-0.04,0.0,214,120,2197833,1424638,692087,2981,3730,3005,0.015,0.181,-0.007,6087184,0.08,0.08,305,760,113300,153000,3590,3515,-0.02089,하이드로리튬
57,2024-11-25,394800,0.008,0.146,-0.031,0.012,260,190,29460070,15774079,12645245,58305,61444,3945,0.02,0.1,0.015,4844508,0.084,0.08,118,760,95930,153000,4380,4400,0.00457,쓰리빌리언
56,2024-11-25,270520,-0.014,0.072,-0.027,0.059,557,0,6307489,2709781,3344842,5338,6502,1450,0.097,0.172,0.028,8024386,0.09,0.08,103,575,95200,134800,1716,1577,-0.081,지오릿에너지
55,2024-11-25,007390,-0.017,-0.017,-0.245,-0.191,0,575,6683121,4041586,2476858,23873,25362,21250,0.035,0.137,0.024,1243335,0.11,0.08,97,760,94900,153000,24400,24600,0.0082,네이처셀
54,2024-11-25,007110,0.0,0.003,-0.028,-0.025,4,655,2683590,1903166,676799,2596,1852,1393,0.052,0.184,0.04,11339567,0.079,0.079,62,760,93130,153000,1665,1704,0.02342,일신석재
53,2024-11-22,208640,0.014,0.014,-0.067,-0.045,0,599,4904803,2838539,1791765,1831,3463,340,0.0,0.132,-0.035,5584079,0.127,0.08,98,137,94930,100900,389,439,0.12853,썸에이지
52,2024-11-22,101670,0.006,0.203,-0.029,0.191,756,56,8820481,4358392,4134209,10865,13445,2870,-0.028,0.068,-0.042,1837741,0.115,0.08,64,760,93230,153000,3100,3005,-0.03065,하이드로리튬
51,2024-11-22,083650,0.01,0.021,-0.036,-0.021,11,444,2496744,1437316,956586,14304,10035,16900,0.026,0.104,0.02,2099438,0.082,0.08,81,760,94100,153000,18840,19100,0.0138,비에이치아이
50,2024-11-22,008830,0.096,0.3,0.014,0.3,592,47,6533118,3031517,3187011,27375,26807,10800,0.05,0.102,-0.01,4575572,0.113,0.08,185,629,103300,141500,12020,11050,-0.0807,대동기어
49,2024-11-22,006050,-0.004,0.227,-0.015,0.17,753,38,8911013,4045152,4492970,9314,11459,2240,-0.022,0.049,-0.034,1295305,0.085,0.08,285,611,112300,140600,2370,2180,-0.08017,국영지앤엠
48,2024-11-22,009810,-0.007,0.298,-0.023,0.142,191,42,29330108,18129884,9230274,6689,6788,345,-0.035,0.113,-0.035,2257374,0.147,0.08,76,760,93830,153000,388,384,-0.01031,플레이그램
47,2024-11-21,459100,0.059,2.727,0.016,1.295,281,1,123710964,65998884,55543831,625991,637964,14690,0.069,0.157,-0.03,8867415,0.104,0.08,86,512,94330,131630,17170,15780,-0.08096,위츠
46,2024-11-21,394800,-0.028,0.299,-0.051,0.192,519,86,52136112,28940535,22304872,100609,111060,3850,0.003,0.081,-0.025,7067374,0.108,0.08,115,339,95800,115000,4200,4660,0.10952,쓰리빌리언
45,2024-11-21,365330,-0.043,0.024,-0.055,-0.023,385,64,10468785,5325966,3973251,24598,25821,8490,0.072,0.092,0.009,7944350,0.082,0.08,509,695,131500,144800,9360,8600,-0.0812,에스와이스틸텍
44,2024-11-21,299900,0.036,0.12,-0.028,0.097,717,16,6782674,2959675,3172939,8082,9273,1603,0.033,0.054,-0.03,2404225,0.087,0.08,70,598,93530,135930,1707,1569,-0.08084,위지윅스튜디오
43,2024-11-21,217730,-0.01,0.236,-0.014,0.143,174,1,4285446,2153761,2024481,6671,8047,2260,0.002,0.111,0.002,1391125,0.108,0.08,62,83,93130,94200,2540,2820,0.11024,강스템바이오텍
42,2024-11-21,196170,0.069,0.076,-0.068,-0.068,1,760,1722984,897743,612395,43527,40926,350500,-0.019,-0.011,-0.204,1829022,0.242,0.08,438,760,123930,153000,350000,346500,-0.01,알테오젠
41,2024-11-21,163280,-0.006,0.034,-0.043,-0.025,424,72,543656,338613,181278,2683,2661,10240,0.055,0.19,0.054,1295165,0.074,0.074,63,347,93200,115400,12300,11380,-0.0748,에어레인
40,2024-11-21,008830,0.002,0.01,-0.027,0.005,728,74,159371,93053,53503,855,595,8310,0.096,0.165,0.014,1070427,0.096,0.08,578,592,134930,135630,9780,10730,0.09714,대동기어
39,2024-11-21,001840,-0.019,-0.002,-0.052,-0.043,0,101,605830,362596,211793,968,932,2555,0.037,0.166,0.027,1670381,0.095,0.08,501,760,131100,153000,3010,2950,-0.01993,이화공영
38,2024-11-21,053690,-0.001,0.004,-0.031,-0.019,9,104,87900,50969,34921,758,837,15690,0.007,0.178,-0.005,1184922,0.085,0.08,68,760,93430,153000,18660,19740,0.05788,한미글로벌
37,2024-11-21,001470,-0.073,-0.044,-0.142,-0.101,124,60,44483729,24216932,19022786,21101,28712,980,0.085,0.153,0.043,21565117,0.106,0.08,491,736,130600,150830,1141,1263,0.10692,삼부토건
36,2024-11-21,000490,-0.002,0.071,-0.026,0.065,749,105,573526,204779,290705,1948,1826,9900,0.068,0.111,-0.019,1867236,0.133,0.08,592,760,135630,153000,11110,11700,0.05311,대동
35,2024-11-20,474610,-0.058,0.016,-0.298,-0.292,3,687,18066059,9906503,7441392,60136,66310,5860,-0.019,0.058,-0.053,1330043,0.117,0.08,335,436,114800,123830,6260,5750,-0.08147,알에프시스템즈
34,2024-11-20,299660,0.021,0.041,-0.053,-0.046,1,710,1012743,677202,276049,2854,2734,5380,0.024,0.175,0.024,2199011,0.088,0.08,367,643,120400,142200,6380,6950,0.08934,셀리드
33,2024-11-20,270520,-0.009,0.0,-0.059,-0.036,1,651,1649289,1047432,531517,1706,1427,1215,0.0,0.161,-0.01,3895694,0.1,0.08,66,760,93330,153000,1425,1402,-0.01614,지오릿에너지
32,2024-11-20,145170,0.006,0.029,-0.043,-0.027,12,638,746630,362559,197520,5253,4111,15520,0.009,0.139,0.009,1668937,0.122,0.08,70,416,93530,122830,17850,16400,-0.08123,노브랜드
31,2024-11-20,001380,-0.001,0.049,-0.01,0.046,150,15,8090040,3973343,3510548,11689,14089,3735,-0.005,0.094,-0.009,4509899,0.104,0.08,72,760,93630,153000,4130,4005,-0.03027,SG글로벌
30,2024-11-20,000890,-0.005,0.078,-0.005,0.045,508,0,1944064,901273,1013055,731,1527,441,0.0,0.116,0.0,2911292,0.116,0.08,207,302,104400,113130,497,555,0.1167,보해양조
29,2024-11-19,027360,-0.015,0.118,-0.073,-0.018,628,695,29984814,15076191,13253277,35494,39823,3035,0.016,0.054,-0.036,5794931,0.094,0.08,93,397,94700,121900,3230,2970,-0.0805,아주IB투자
28,2024-11-18,394800,-0.027,-0.015,-0.206,-0.198,2,757,9537171,5352480,3206181,16682,18271,3290,0.033,0.053,-0.056,1520259,0.116,0.08,212,470,104630,125530,3500,3220,-0.08,쓰리빌리언
27,2024-11-18,388790,-0.051,0.018,-0.066,0.011,124,20,1008868,485255,445017,1713,1982,3300,0.053,0.103,0.002,3038806,0.101,0.08,409,760,122500,153000,3680,3750,0.01902,라이콤
26,2024-11-18,328130,-0.019,0.118,-0.023,0.118,760,77,1838428,693759,1029039,12435,15879,48200,0.129,0.185,0.077,2452857,0.078,0.078,79,673,94000,143700,57700,62200,0.07799,루닛
25,2024-11-18,278650,-0.015,0.03,-0.021,0.028,1,140,292318,117615,156097,473,1232,2050,0.0,0.195,-0.01,1482003,0.071,0.071,110,760,95530,153000,2470,2345,-0.05061,HLB바이오스텝
24,2024-11-18,115450,0.003,0.014,-0.013,0.004,172,10,490893,250878,212821,1587,1682,9510,0.0,0.157,-0.018,2365875,0.104,0.08,65,760,93300,153000,11110,11220,0.0099,HLB테라퓨틱스
23,2024-11-18,083650,-0.016,-0.002,-0.076,-0.062,42,552,3097055,1848943,1109388,13629,15220,14820,-0.016,0.066,-0.03,1352400,0.099,0.08,201,760,104100,153000,15960,16130,0.01065,비에이치아이
22,2024-11-18,024850,-0.009,0.011,-0.039,-0.004,0,127,394478,219235,165485,674,619,2790,0.0,0.138,-0.007,1392938,0.121,0.08,105,760,95300,153000,3210,3065,-0.04517,HLB이노베이션
21,2024-11-18,001380,0.013,0.299,-0.0,0.299,759,21,6700092,2758613,3394492,6246,7656,3060,0.085,0.183,0.026,9464758,0.078,0.078,473,760,125700,153000,3660,3570,-0.02459,SG글로벌
20,2024-11-15,219550,0.028,0.03,-0.194,-0.159,2,467,8647045,4797881,3642513,3758,3703,626,-0.011,0.038,-0.088,1399184,0.138,0.08,300,621,113030,141100,656,747,0.13872,디와이디
19,2024-11-15,145170,0.179,0.3,0.062,0.3,615,413,2998781,1527805,1377662,22717,23727,15210,-0.022,0.155,-0.047,2617728,0.105,0.08,86,760,94330,153000,17750,16720,-0.05803,노브랜드
18,2024-11-15,056080,-0.0,-0.0,-0.08,-0.047,0,14,1050512,597507,391147,3323,2825,5700,0.025,0.146,0.014,2024293,0.114,0.08,116,760,95830,153000,6600,6470,-0.0197,유진로봇
17,2024-11-15,051980,0.015,0.017,-0.074,-0.068,4,758,2081832,1159705,881301,4520,5144,8550,-0.129,-0.022,-0.191,2733096,0.208,0.08,75,760,93800,153000,8440,8560,0.01422,중앙첨단소재
16,2024-11-15,010170,0.002,0.069,0.002,0.059,62,0,136037,85825,47811,1273,198,995,-0.196,-0.146,-0.285,1249584,0.195,0.08,309,404,113500,122230,858,789,-0.08042,대한광통신
15,2024-11-15,001840,0.043,0.299,0.032,0.168,48,0,10496912,6191653,3705279,17179,17624,3100,0.0,0.006,-0.098,1987527,0.116,0.08,551,760,133600,153000,3150,3090,-0.01905,이화공영
14,2024-11-15,168490,0.097,0.175,-0.165,0.044,348,118,150984166,80924674,62639791,29169,45819,215,-0.051,0.07,-0.112,11621749,0.196,0.08,60,171,93030,102600,232,213,-0.0819,한국패러랠
13,2024-11-15,013360,0.045,0.28,-0.029,0.131,70,12,13291929,6923407,6050986,20520,22219,1759,-0.02,-0.02,-0.116,1162651,0.109,0.08,524,549,132230,133500,1741,1932,0.10971,일성건설
12,2024-11-14,100790,0.018,0.282,-0.012,0.248,486,2,32098623,14990139,15809745,67944,98256,7000,-0.009,-0.004,-0.086,3059302,0.089,0.08,412,760,132630,163000,7040,6840,-0.02841,미래에셋벤처투자
11,2024-11-14,090710,0.015,0.3,0.015,0.3,78,0,45807355,21910371,23524020,38126,44445,1539,0.056,0.069,-0.035,15398885,0.108,0.08,157,490,111900,140530,1662,1527,-0.08123,휴림로봇
10,2024-11-14,037440,-0.023,-0.006,-0.142,-0.105,0,474,2427534,1516567,777187,6975,6249,5530,0.005,0.089,0.005,1420948,0.083,0.08,72,194,103630,113730,6080,6590,0.08388,희림
9,2024-11-14,030520,0.006,0.073,0.006,0.012,23,0,2128172,1079917,1000800,11837,14334,19520,0.019,0.104,0.019,1439829,0.083,0.08,405,580,132300,145030,21800,23600,0.08257,한글과컴퓨터
8,2024-11-14,168490,0.101,0.296,0.063,0.296,14,5,19622461,8856269,8924666,1976,1712,206,0.097,0.141,-0.116,25472562,0.121,0.08,343,410,125200,132530,237,218,-0.08017,한국패러랠
7,2024-11-14,007110,0.001,0.018,-0.094,-0.081,0,673,9434268,5560854,3556669,9641,8864,1562,-0.003,0.07,-0.024,3576264,0.096,0.08,73,760,103700,163000,1689,1638,-0.0302,일신석재
6,2024-11-13,900340,0.017,0.017,-0.061,-0.058,0,701,695293,472318,165771,1054,879,1996,0.047,0.135,0.032,1421497,0.1,0.08,153,760,101700,153000,2290,2345,0.02402,윙입푸드
5,2024-11-13,388050,-0.005,0.158,-0.051,0.061,677,13,12298354,6152629,5644153,41489,46448,9150,0.042,0.157,0.038,8713457,0.103,0.08,118,712,95930,145630,10700,9830,-0.08131,지투파워
4,2024-11-13,158430,0.001,0.001,-0.09,-0.047,0,78,258176,155531,97378,869,1043,3980,-0.0,0.156,-0.0,1646289,0.104,0.08,105,760,95300,153000,4650,4510,-0.03011,아톤
3,2024-11-13,119850,-0.012,0.299,-0.038,0.299,278,106,1658810,829635,606545,3343,2274,6730,0.085,0.144,0.027,3617776,0.114,0.08,75,760,93800,153000,7780,7590,-0.02442,지엔씨에너지
2,2024-11-13,100790,-0.002,0.0,-0.082,-0.044,0,75,3247626,1909639,1174532,6026,7809,5610,0.018,0.111,-0.012,5198977,0.125,0.08,105,486,95300,130330,6290,7080,0.1256,미래에셋벤처투자
1,2024-11-13,057680,0.154,0.18,0.001,0.019,5,745,8369936,4705122,2998091,7321,6762,1430,-0.015,0.043,-0.041,1138659,0.088,0.08,79,760,94000,153000,1507,1477,-0.01991,티사이언티픽
0,2024-11-13,037270,0.034,0.051,-0.154,-0.142,1,468,10658664,6401409,3929094,26371,25608,4140,0.01,0.11,0.01,2586207,0.099,0.08,62,760,93130,153000,4640,4315,-0.07004,YG PLUS
